CREATE DATABASE  IF NOT EXISTS `learnandtesttoeic` /*!40100 DEFAULT CHARACTER SET utf8mb4 COLLATE utf8mb4_0900_ai_ci */ /*!80016 DEFAULT ENCRYPTION='N' */;
USE `learnandtesttoeic`;
-- MySQL dump 10.13  Distrib 8.0.25, for Win64 (x86_64)
--
-- Host: localhost    Database: learnandtesttoeic
-- ------------------------------------------------------
-- Server version	8.0.25

/*!40101 SET @OLD_CHARACTER_SET_CLIENT=@@CHARACTER_SET_CLIENT */;
/*!40101 SET @OLD_CHARACTER_SET_RESULTS=@@CHARACTER_SET_RESULTS */;
/*!40101 SET @OLD_COLLATION_CONNECTION=@@COLLATION_CONNECTION */;
/*!50503 SET NAMES utf8 */;
/*!40103 SET @OLD_TIME_ZONE=@@TIME_ZONE */;
/*!40103 SET TIME_ZONE='+00:00' */;
/*!40014 SET @OLD_UNIQUE_CHECKS=@@UNIQUE_CHECKS, UNIQUE_CHECKS=0 */;
/*!40014 SET @OLD_FOREIGN_KEY_CHECKS=@@FOREIGN_KEY_CHECKS, FOREIGN_KEY_CHECKS=0 */;
/*!40101 SET @OLD_SQL_MODE=@@SQL_MODE, SQL_MODE='NO_AUTO_VALUE_ON_ZERO' */;
/*!40111 SET @OLD_SQL_NOTES=@@SQL_NOTES, SQL_NOTES=0 */;

--
-- Table structure for table `exam`
--

DROP TABLE IF EXISTS `exam`;
/*!40101 SET @saved_cs_client     = @@character_set_client */;
/*!50503 SET character_set_client = utf8mb4 */;
CREATE TABLE `exam` (
  `id` bigint NOT NULL AUTO_INCREMENT,
  `created_at` datetime(6) DEFAULT NULL,
  `created_by` varchar(255) DEFAULT NULL,
  `updated_at` datetime(6) DEFAULT NULL,
  `updated_by` varchar(255) DEFAULT NULL,
  `image` varchar(255) DEFAULT NULL,
  `name` varchar(255) DEFAULT NULL,
  PRIMARY KEY (`id`)
) ENGINE=InnoDB AUTO_INCREMENT=12 DEFAULT CHARSET=utf8mb4 COLLATE=utf8mb4_0900_ai_ci;
/*!40101 SET character_set_client = @saved_cs_client */;

--
-- Dumping data for table `exam`
--

LOCK TABLES `exam` WRITE;
/*!40000 ALTER TABLE `exam` DISABLE KEYS */;
INSERT INTO `exam` VALUES (1,NULL,NULL,NULL,NULL,'mini-test.png','Practice Mini Test 1 - TOEIC Reading, Listening - Max score: 500'),(2,NULL,NULL,NULL,NULL,'mini-test.png','Practice Mini Test 2 - TOEIC Reading, Listening - Max score: 500'),(3,NULL,NULL,NULL,NULL,'mini-test.png','Practice Mini Test 3 - TOEIC Reading, Listening - Max score: 500'),(4,NULL,NULL,NULL,NULL,'full-test.jpeg','Practice Full Test 1 - TOEIC Reading, Listening - Max score: 990'),(7,NULL,NULL,NULL,NULL,'full-test.jpeg','Practice Full Test 2 - TOEIC Reading, Listening - Max score: 990');
/*!40000 ALTER TABLE `exam` ENABLE KEYS */;
UNLOCK TABLES;

--
-- Table structure for table `exam_question`
--

DROP TABLE IF EXISTS `exam_question`;
/*!40101 SET @saved_cs_client     = @@character_set_client */;
/*!50503 SET character_set_client = utf8mb4 */;
CREATE TABLE `exam_question` (
  `id` bigint NOT NULL AUTO_INCREMENT,
  `created_at` datetime(6) DEFAULT NULL,
  `created_by` varchar(255) DEFAULT NULL,
  `updated_at` datetime(6) DEFAULT NULL,
  `updated_by` varchar(255) DEFAULT NULL,
  `audio` varchar(255) DEFAULT NULL,
  `correct_option` varchar(255) DEFAULT NULL,
  `description` varchar(255) DEFAULT NULL,
  `group_question` int NOT NULL DEFAULT '0',
  `image` varchar(255) DEFAULT NULL,
  `option1` varchar(255) DEFAULT NULL,
  `option2` varchar(255) DEFAULT NULL,
  `option3` varchar(255) DEFAULT NULL,
  `option4` varchar(255) DEFAULT NULL,
  `paragraph` varchar(255) DEFAULT NULL,
  `part` int NOT NULL,
  `question` varchar(255) DEFAULT NULL,
  `exam_id` bigint DEFAULT NULL,
  PRIMARY KEY (`id`),
  KEY `FK75y5n4rt15oyfmshrwwi73d` (`exam_id`),
  CONSTRAINT `FK75y5n4rt15oyfmshrwwi73d` FOREIGN KEY (`exam_id`) REFERENCES `exam` (`id`)
) ENGINE=InnoDB AUTO_INCREMENT=321 DEFAULT CHARSET=utf8mb4 COLLATE=utf8mb4_0900_ai_ci;
/*!40101 SET character_set_client = @saved_cs_client */;

--
-- Dumping data for table `exam_question`
--

LOCK TABLES `exam_question` WRITE;
/*!40000 ALTER TABLE `exam_question` DISABLE KEYS */;
INSERT INTO `exam_question` VALUES (11,NULL,NULL,NULL,NULL,'09-01.mp3','D','Look at the picture and listen to the sentences. Choose the sentence that best describes the picture:',1,'09-01.jpg','A','B','C','D',NULL,1,'',1),(12,NULL,NULL,NULL,NULL,'09-02.mp3','D','Look at the picture and listen to the sentences. Choose the sentence that best describes the picture:',2,'09-02.jpg','A','B','C','D',NULL,1,NULL,1),(13,NULL,NULL,NULL,NULL,'09-03.mp3','B','Look at the picture and listen to the sentences. Choose the sentence that best describes the picture:',3,'09-03.jpg','A','B','C','D',NULL,1,NULL,1),(14,NULL,NULL,NULL,NULL,'09-04.mp3','C','Look at the picture and listen to the sentences. Choose the sentence that best describes the picture:',4,'09-04.jpg','A','B','C','D',NULL,1,NULL,1),(15,NULL,NULL,NULL,NULL,'71.mp3','C','Listen to the question and the three responses. Choose the response that best answers the question:',5,NULL,'A','B','C',NULL,NULL,2,'You\'ve been to Japan before, haven\'t you?',1),(16,NULL,NULL,NULL,NULL,'81.mp3','B','Listen to the question and the three responses. Choose the response that best answers the question:',6,NULL,'A','B','C',NULL,NULL,2,'Where\'s the light switch?',1),(17,NULL,NULL,NULL,NULL,'91.mp3','A','Listen to the question and the three responses. Choose the response that best answers the question:',7,NULL,'A','B','C',NULL,NULL,2,'Would you like to return this item?',1),(18,NULL,NULL,NULL,NULL,'101.mp3','B','Listen to the question and the three responses. Choose the response that best answers the question:',8,NULL,'A','B','C',NULL,NULL,2,'How late did you work last night?',1),(19,NULL,NULL,NULL,NULL,'112.mp3','B','Listen to the question and the three responses. Choose the response that best answers the question:',9,NULL,'A','B','C',NULL,NULL,2,'Why isn\'t the heater on?',1),(20,NULL,NULL,NULL,NULL,'122.mp3','C','Listen to the question and the three responses. Choose the response that best answers the question:',10,NULL,'A','B','C',NULL,NULL,2,'What\'s the name of the company?',1),(21,NULL,NULL,NULL,NULL,'131.mp3','C','Listen to the question and the three responses. Choose the response that best answers the question:',11,NULL,'A','B','C',NULL,NULL,2,'Are you picking up the client today or tomorrow?',1),(22,NULL,NULL,NULL,NULL,'141.mp3','A','Listen to the question and the three responses. Choose the response that best answers the question:',12,NULL,'A','B','C',NULL,NULL,2,'Who should I assign this task to?',1),(23,NULL,NULL,NULL,NULL,'151.mp3','A','Listen to the question and the three responses. Choose the response that best answers the question:',13,NULL,'A','B','C',NULL,NULL,2,'You are planning to attend the concert on Wednesday, aren\'t you?',1),(24,NULL,NULL,NULL,NULL,'161.mp3','C','Listen to the question and the three responses. Choose the response that best answers the question:',14,NULL,'A','B','C',NULL,NULL,2,'Isn\'t Mr. Moore married?',1),(25,NULL,NULL,NULL,NULL,'171.mp3','A','Listen to the question and the three responses. Choose the response that best answers the question:',15,NULL,'A','B','C',NULL,NULL,2,'Can I help you carry that?',1),(26,NULL,NULL,NULL,NULL,'181.mp3','B','Listen to the question and the three responses. Choose the response that best answers the question:',16,NULL,'A','B','C',NULL,NULL,2,'When is the payment due?',1),(27,NULL,NULL,NULL,NULL,'192.mp3','B','Listen to the question and the three responses. Choose the response that best answers the question:',17,NULL,'A','B','C',NULL,NULL,2,'Which pattern do you like best?',1),(28,NULL,NULL,NULL,NULL,'31-33.mp3','To offer a part-time job','Listen to the dialogue. Then read each question and choose the best answer:',18,NULL,'To extend a rental period','To confirm an appointment','To offer a part-time job','To accept a proposal',NULL,3,'Why is the woman calling?',1),(29,NULL,NULL,NULL,NULL,'31-33.mp3','Send an advance payment','Listen to the dialogue. Then read each question and choose the best answer:',18,NULL,'Interpret for her supervisor','Send an advance payment','Submit an official request','Provide a work space',NULL,3,'What does the man ask the woman to do?',1),(30,NULL,NULL,NULL,NULL,'31-33.mp3','A deadline','Listen to the dialogue. Then read each question and choose the best answer:',18,NULL,'A requirement','A deadline','A meeting time','A company policy',NULL,3,'What will the woman inform the man about?',1),(31,NULL,NULL,NULL,NULL,'34-36.mp3','An expense report','Listen to the dialogue. Then read each question and choose the best answer:',19,NULL,'A receipt','A meeting schedule','An expense report','A prescription',NULL,3,'What did the woman make a copy of?',1),(32,NULL,NULL,NULL,NULL,'34-36.mp3','Write a message','Listen to the dialogue. Then read each question and choose the best answer:',19,NULL,'Sign a contract','Write a message','Contact a receptionist','Go on a business trip to Tokyo',NULL,3,'What does the man ask the woman to do?',1),(33,NULL,NULL,NULL,NULL,'34-36.mp3','Visit his co-worker','Listen to the dialogue. Then read each question and choose the best answer:',19,NULL,'Visit his co-worker','Submit a report','Make a new reservation','Work overtime',NULL,3,'What does the man plan to do?',1),(34,NULL,NULL,NULL,NULL,'38-40.mp3','Interior design','Listen to the dialogue. Then read each question and choose the best answer:',20,NULL,'Education','Manufacturing','Product development','Interior design',NULL,3,'What field do the speakers work in?',1),(35,NULL,NULL,NULL,NULL,'38-40.mp3','Choose different furniture','Listen to the dialogue. Then read each question and choose the best answer:',20,NULL,'Choose different furniture','Share a building plan','Change a color scheme','Place an order for wallpaper',NULL,3,'What does the man plan to do?',1),(36,NULL,NULL,NULL,NULL,'38-40.mp3','Authorization must first be obtained','Listen to the dialogue. Then read each question and choose the best answer:',20,NULL,'A shipment has been delayed','A contract has not been signed yet','Authorization must first be obtained','Some equipment is out of order',NULL,3,'According to the woman, why will l the speakers have to wait?',1),(37,NULL,NULL,NULL,NULL,'41-43.mp3','At a pet shop','Listen to the dialogue. Then read each question and choose the best answer:',21,NULL,'At a pet shop','At a catering company','At a fire station','At an animal shelter',NULL,3,'Where most likely are the speakers?',1),(38,NULL,NULL,NULL,NULL,'41-43.mp3','The size','Listen to the dialogue. Then read each question and choose the best answer:',21,NULL,'The price','The size','The age','The color',NULL,3,'What aspect of the woman\'s needs is mentioned?',1),(39,NULL,NULL,NULL,NULL,'41-43.mp3','Fill out some documents ','Listen to the dialogue. Then read each question and choose the best answer:',21,NULL,'Make an advance payment','Bring her identification','Fill out some documents ','Submit a letter of reference',NULL,3,'According to the man, what does the woman have to do?',1),(40,NULL,NULL,NULL,NULL,'44-46.mp3','A talent agent','Listen to the dialogue. Then read each question and choose the best answer:',22,NULL,'A photographer','A talent agent','A performer','A receptionist',NULL,3,'Who most likely is the man?',1),(41,NULL,NULL,NULL,NULL,'44-46.mp3','To provide a reminder','Listen to the dialogue. Then read each question and choose the best answer:',22,NULL,'To buy a ticket in advance','To confirm a reservation','To provide a reminder','To in quire about an advertisement',NULL,3,'Why is the man calling?',1),(42,NULL,NULL,NULL,NULL,'44-46.mp3','Make an official announcement','Listen to the dialogue. Then read each question and choose the best answer:',22,NULL,'Restrict backstage access','Take pictures of Mr. Jackson','Show the man a list of guests','Make an official announcement',NULL,3,'What does the woman offer to do?',1),(43,NULL,NULL,NULL,NULL,'47-49.mp3','It is superior to competitors','Listen to the dialogue. Then read each question and choose the best answer:',23,NULL,'It is affordable','It is superior to competitors','It is safe for children to use','It is simple to install',NULL,3,'What is mentioned about the product?',1),(44,NULL,NULL,NULL,NULL,'47-49.mp3','Promote new products','Listen to the dialogue. Then read each question and choose the best answer:',23,NULL,'Promote new products','Increase stock value','Encourage new innovations ','Reduce customer complaints',NULL,3,'According to the man, what will the advertisement help to do?',1),(45,NULL,NULL,NULL,NULL,'47-49.mp3','Contact an agency','Listen to the dialogue. Then read each question and choose the best answer:',23,NULL,'Create a website ','Buy a magazine ','Revise an article ','Contact an agency',NULL,3,'What will the man do next?',1),(46,NULL,NULL,NULL,NULL,'71-73.mp3','At a bank','Listen to the talk. Then read each question and choose the best answer:',24,NULL,'At a retail store','At a bank','At a gift shop','At a shipping company',NULL,4,'Where does the speaker work?',1),(47,NULL,NULL,NULL,NULL,'71-73.mp3','A delivery mistake','Listen to the talk. Then read each question and choose the best answer:',24,NULL,'A delivery mistake','An incorrect charge','A scheduling error ','A defective product',NULL,4,'What does the speaker apologize for?',1),(48,NULL,NULL,NULL,NULL,'71-73.mp3','Get rid of the recently delivered card ','Listen to the talk. Then read each question and choose the best answer:',24,NULL,'Return a call ','Renew his credit card ','Get rid of the recently delivered card ','Sign an application form',NULL,4,'What does the speaker ask the listener to do?',1),(49,NULL,NULL,NULL,NULL,'74-76.mp3','In a shopping mall ','Listen to the talk. Then read each question and choose the best answer:',25,NULL,'In a subway station','In a conference hall','In a shopping mall ','In a baggage claim area',NULL,4,'Where is the announcement being made?',1),(50,NULL,NULL,NULL,NULL,'74-76.mp3','Proceed to the checkout immediately','Listen to the talk. Then read each question and choose the best answer:',25,NULL,'Proceed to the checkout immediately','Register for a workshop','Search for a missing item','Visit a different location',NULL,4,'What are the listeners asked to do?',1),(51,NULL,NULL,NULL,NULL,'74-76.mp3','To recover a lost item','Listen to the talk. Then read each question and choose the best answer:',25,NULL,'To pay a membership fee','To recover a lost item','To recieve a voucher','To return an item',NULL,4,'Why should Ms. Goya go to the front desk?',1),(52,NULL,NULL,NULL,NULL,'77-79.mp3','An eyeglasses store','Listen to the talk. Then read each question and choose the best answer:',26,NULL,'A glassware factory','A pharmacy','An eyeglasses store','An insurance company',NULL,4,'What business created the message?',1),(53,NULL,NULL,NULL,NULL,'77-79.mp3','Free eye examinations','Listen to the talk. Then read each question and choose the best answer:',26,NULL,'Free eye examinations','Online purchases','Special discounts for regular customers','Free delivery on large orders',NULL,4,'According to the speaker, what service does the business offer?',1),(54,NULL,NULL,NULL,NULL,'77-79.mp3','To schedule an appointment','Listen to the talk. Then read each question and choose the best answer:',26,NULL,'To cancel an order','To change delivery information','To schedule an appointment','To leave a message',NULL,4,'Why would listeners press 2?',1),(55,NULL,NULL,NULL,NULL,'80-82.mp3','It is convenient to carry','Listen to the talk. Then read each question and choose the best answer:',27,NULL,'It is the lightest in the market','It has a built-in high- definition camera ','It is water-resistant ','It is convenient to carry',NULL,4,'What special feature of the new laptop does the speaker mention?',1),(56,NULL,NULL,'2022-05-02 22:04:22.174000','admin','80-82.mp3','By accessing a website','Listen to the talk. Then read each question and choose the best answer:',27,NULL,'By accessing a website','By stopping by the office of speaker','By visiting a local store','By visiting a local store','',4,'How can customers purchase the new laptop?,Listen to the talk. Then read each question and choose the best answer:',1),(57,NULL,NULL,NULL,NULL,'80-82.mp3','A small printer','Listen to the talk. Then read each question and choose the best answer:',27,NULL,'An additional battery','A carrying case','A portable speaker','A small printer',NULL,4,'What can customers receive this week?',1),(58,NULL,NULL,NULL,NULL,'83-85.mp3','To announce a new partnership ','Listen to the talk. Then read each question and choose the best answer:',28,NULL,'To announce a new partnership ','To introduce a new manager ','To propose a budget plan ','To announce his retirement',NULL,4,'What is the reason for the meeting?',1),(59,NULL,NULL,NULL,NULL,'83-85.mp3','To suggest the partnerships is good','Listen to the talk. Then read each question and choose the best answer:',28,NULL,'To suggest the partnerships is good','To review some materials','To recommend a new method','To offer a training program',NULL,4,'What does the woman imply when she says \"And why wouldn\'t we?\"',1),(60,NULL,NULL,NULL,NULL,'83-85.mp3','Study the new equipment','Listen to the talk. Then read each question and choose the best answer:',28,NULL,'Go on vacation','Continue using the old equipment ','Produce a movie ','Study the new equipment',NULL,4,'What does the woman suggest the studio staff do?',1),(61,NULL,NULL,NULL,NULL,NULL,'it','Choose the word that best completes the sentence:',29,NULL,'them','our','her','it',NULL,5,'Before you distribute the report, ask Ms.Burns to check that -------- has all the necessary Before you distribute the report, ask Ms.Burns to check that -------- has all the necessary information.',1),(62,NULL,NULL,NULL,NULL,NULL,'easier','Choose the word that best completes the sentence:',30,NULL,'easily','easy','easiest','easier',NULL,5,'According to consumers, using the new website is no _______ than calling the help center directly.',1),(63,NULL,NULL,NULL,NULL,NULL,'in','Choose the word that best completes the sentence:',31,NULL,'to','beside','in','among',NULL,5,'Anyone who participate _______ the city\'s Annual Banking Competition will receive a coupon from Fresh Supermarket.',1),(64,NULL,NULL,NULL,NULL,NULL,'to demolish','Choose the word that best completes the sentence:',32,NULL,'demolishes','have demolished','to demolish','demolished',NULL,5,'City officials are still debating Irving Enterprises request _______ the outdated building.',1),(65,NULL,NULL,NULL,NULL,NULL,'welcomes','Choose the word that best completes the sentence:',33,NULL,'conveys','preserves','encloses','welcomes',NULL,5,'Heron Glassworks ________ student groups of all ages for weekdays tours of its warehouse and production floor.',1),(66,NULL,NULL,NULL,NULL,NULL,'approach','Choose the word that best completes the sentence:',34,NULL,'approachably','approached','approach','approachable',NULL,5,'To combat mental illness, the clinic will take a more comprehensive ________  than it did in the past.',1),(67,NULL,NULL,NULL,NULL,NULL,'closest','Choose the word that best completes the sentence:',35,NULL,'closing','closely','closure','closest',NULL,5,'Brandy can make withdrawals from any SalisBank branch, but she usually visits the _______ one.',1),(68,NULL,NULL,NULL,NULL,NULL,'reward','Choose the word that best completes the sentence:',36,NULL,'reward','progress','solution','routine',NULL,5,'As a ______ for making contracts with a lot of new clients, Mr. Skinner was given additional vacation days.',1),(69,NULL,NULL,NULL,NULL,NULL,'personalized','Choose the word that best completes the sentence:',37,NULL,'personalizes','personalizing','personalize','personalized',NULL,5,'Please be seated according to the ____ name cards that have been placed on each table.',1),(70,NULL,NULL,NULL,NULL,NULL,'issues','Choose the word that best completes the sentence:',38,NULL,'issuing','issue','issues','issued',NULL,5,'The memo sent by Mr. Lee addressed a few ____ that were discovered during the quarterly inspection.',1),(71,NULL,NULL,NULL,NULL,NULL,'politically','Choose the word that best completes the sentence:',39,NULL,'politically','political','politics','politician',NULL,5,'Many voters in this city are uninterested, and only about 15% of them are ____ active.',1),(72,NULL,NULL,NULL,NULL,NULL,'throughout','Choose the word that best completes the sentence:',40,NULL,'between','throughout','during','toward',NULL,5,'This year\'s award winner, Cheryl Garner, taught basic first-aid skills to students and adults ____ the region.',1),(73,NULL,NULL,NULL,NULL,NULL,'Ideally','Choose the word that best completes the sentence:',41,NULL,'Reluctantly','Absolutely','Ideally','Mutually',NULL,5,'_____ the cabin will be rented out for the entire month, but the owner would agree to four weekly rentals instead.',1),(74,NULL,NULL,NULL,NULL,NULL,'detailing','Choose the word that best completes the sentence:',42,NULL,'detailed','detail','details','detailing',NULL,5,'The non-profit organization released to the press several documents ____ the largest donors and how much they contributed.',1),(75,NULL,NULL,NULL,NULL,NULL,'once','Choose the word that best completes the sentence:',43,NULL,'that','despite','once','rather',NULL,5,'No passengers are allowed on _____ board the aircraft\'s door has been closed.',1),(76,NULL,NULL,NULL,NULL,NULL,'accepted','Choose the word that best completes the sentence:',44,NULL,'to accept','accept','accepting','accepted',NULL,5,'Using a fingerprint system is generally_____ as the primary means of security at laboratories in this country.',1),(77,NULL,NULL,NULL,NULL,NULL,'lower','Choose the word that best completes the sentence:',45,NULL,'shorten','misplace','lower','collapse',NULL,5,'Living further from the city center will ______ your rental costs, but it affects your commute',1),(78,NULL,NULL,NULL,NULL,NULL,'have to request','Choose the word or phrase that best completes the blanks:',46,'image24.png','is requesting','has requested','have to request','had to request',NULL,6,NULL,1),(79,NULL,NULL,NULL,NULL,NULL,'Therefore','Choose the word or phrase that best completes the blanks:',46,'image24.png','Unfortunately','Therefore','Regardless','Finally',NULL,6,NULL,1),(80,NULL,NULL,NULL,NULL,NULL,'during','Choose the word or phrase that best completes the blanks:',46,'image24.png','upon','during','before ','at',NULL,6,NULL,1),(81,NULL,NULL,NULL,NULL,NULL,'The security office is open 24 hours a day.','Choose the word or phrase that best completes the blanks:',46,'image24.png','The move from keys to keyless entry should make the facility more secure','We will be looking forward to seeing you sometime next week','The security office is open 24 hours a day.','This is for product security',NULL,6,NULL,1),(82,NULL,NULL,NULL,NULL,NULL,'actively','Choose the word or phrase that best completes the blanks:',47,'image25.png','active','actived','actively','activated',NULL,6,NULL,1),(83,NULL,NULL,NULL,NULL,NULL,'Our commitment to the community is as important as our commitment to our students.','Choose the word or phrase that best completes the blanks:',47,'image25.png','Our company tries to work with outside communities','Our commitment to the community is as important as our commitment to our students.','Our company is unique and uses strange instruments','Our company is in a special location, next to the auto service center',NULL,6,NULL,1),(84,NULL,NULL,NULL,NULL,NULL,'contemporary','Choose the word or phrase that best completes the blanks:',47,'image25.png','contemporary','unknown','strange','boring',NULL,6,NULL,1),(85,NULL,NULL,NULL,NULL,NULL,'applying','Choose the word or phrase that best completes the blanks:',47,'image25.png','apply','applied','applying','to apply',NULL,6,NULL,1),(86,NULL,NULL,NULL,NULL,NULL,'Home appliances','Read the passage and choose the correct answer:',48,'147-148.jpg','Home appliances','Office furniture','Computer equipment','Construction materials',NULL,7,'What does Henderson Inc. sell?',1),(87,NULL,NULL,NULL,NULL,NULL,'She will receive her deliveries at no charge.','Read the passage and choose the correct answer:',48,'147-148.jpg','She must pick up her items in person','She is eligib le for a special discount','She will receive her deliveries at no charge.','She paid with a check.',NULL,7,'What is indicated about Ms. Ward?',1),(88,NULL,NULL,NULL,NULL,NULL,'She is in the middle of meetings','Read the passage and choose the correct answer:',50,'image23.png','She is eating a snack','She wil l be promoted','She is in the middle of meetings','She plans on cancelling a lunch appointment',NULL,7,'What is suggested about Ms. Berry?',1),(89,NULL,NULL,NULL,NULL,NULL,'She is inquiring if Mr. Cooper will be missing the appointment','Read the passage and choose the correct answer:',50,'image23.png','She is asking if Mr. Cooper has finished his meeting.','She is inquiring if Mr. Cooper will be missing the appointment','She wants to know if Mr. Cooper will go to North Point','She would like Mr. Cooper to notify her when he leaves',NULL,7,'At 10:13, what does Ms. Berry mean when she writes\"Are you bailing on it\"?',1),(90,NULL,NULL,NULL,NULL,NULL,'It is providing lower prices on certain screenings.','Read the passage and choose the correct answer:',51,'151-152.jpg','It will screen fewer films this December.','It is hiring part-timers','It will be adding a new theater location','It is providing lower prices on certain screenings.',NULL,7,'What is indicated about Superbox Theaters?',1),(91,NULL,NULL,NULL,NULL,NULL,'Select a seat location','Read the passage and choose the correct answer:',51,'151-152.jpg','Demand a refund','Select a seat location','Sign up for a newsletter','Renew their membership',NULL,7,'What are customers able to do on the website?',1),(92,NULL,NULL,NULL,NULL,NULL,'To reschedule a meeting','Read the passage and choose the correct answer:',52,'153-154.jpg','To reschedule a meeting','To request a monthly operating report','To introduce a new employee','To propose a new marketing strategy',NULL,7,'What is the purpose of the e-mail?',1),(93,NULL,NULL,'2022-05-02 22:05:03.534000','admin',NULL,'He works in advertising','Read the passage and choose the correct answer:',52,'153-154.jpg','He is changing positions.','He often travels for business.','He works in advertising','He is changing positions.','',7,'What does the e-mail indicate about Mr. Ito?,Read the passage and choose the correct answer:,Read the passage and choose the correct answer:,',1),(94,NULL,NULL,NULL,NULL,NULL,'To give an employee instructions','Read the passage and choose the correct answer:',53,'image22.png','To inform the suppliers of a mistake','To give an employee instructions','To order a shipment of beverages','To keep inventory of products',NULL,7,'What is the purpose of the e-mail?',1),(95,NULL,NULL,NULL,NULL,NULL,'They are temperature sensitive','Read the passage and choose the correct answer:',53,'image22.png','The products are fragile.','They may arrive late','They are temperature sensitive','They are for an important client.',NULL,7,'Why is Victor concerned about the shipment?',1),(96,NULL,NULL,NULL,NULL,NULL,'[2]','Read the passage and choose the correct answer:',53,'image22.png','[1]','[2]','[3]','[4]',NULL,7,'In which of the positions marked [1], [2], [3] and [4] does the following sentence belong?\"I\'m worried about the weather.\"',1),(97,NULL,NULL,NULL,NULL,NULL,'It offers options for those with dietary restrictions.','Read the passage and choose the correct answer:',54,'158-160.jpg','It is internationally known.','It employs local students','It offers options for those with dietary restrictions.','Its store space can be rented for various events.',NULL,7,'What is mentioned about Marigold Bakery?',1),(98,NULL,NULL,NULL,NULL,NULL,'The store will shut down for renovations.','Read the passage and choose the correct answer:',54,'158-160.jpg','The store will shut down for renovations.','A classroom wil l be constructed','The menu will be expanded.','The shop will cater a community event.',NULL,7,'According to the advertisement, what will happen in September?',1),(99,NULL,NULL,NULL,NULL,NULL,'It is designed for local teenagers.','Read the passage and choose the correct answer:',54,'158-160.jpg','It will be held at a community center this year.','It has been going on for over 30 years.','It is taught by an experienced baker.','It is designed for local teenagers.',NULL,7,'What is indicated about the cooking class?',1),(100,NULL,NULL,NULL,NULL,NULL,'At a company','Read the passage and choose the correct answer:',55,'image21.png','At a restaurant','At a pizza shop','At a company','In an electronics shop',NULL,7,'Where most likely are the participants?',1),(101,NULL,NULL,'2022-05-02 22:05:32.643000','admin',NULL,'He would like to go out for lunch','Read the passage and choose the correct answer:',55,'image21.png','He is doing a presentation.','He is in his office.','He would like to go out for lunch','He is in his office.','',7,'At 12:10, what does Martin Lee mean when he says,\"Count me in\"?,Read the passage and choose the correct answer:',1),(102,NULL,NULL,NULL,NULL,NULL,'It is about new products .','Read the passage and choose the correct answer:',55,'image21.png','It wil l be presented after lunch','It is about new products .','It is very long','It needs more information.',NULL,7,'What is indicated about the presentation?',1),(103,NULL,NULL,NULL,NULL,NULL,'Their graphics','Read the passage and choose the correct answer:',55,'image21.png','Their graphics','Their information','Their computer use','Their presentation format',NULL,7,'What will Martin Lee most likely help the presenters with?',1),(104,NULL,NULL,NULL,NULL,NULL,'To promote a community event','Read the passage and choose the correct answer:',56,'q65-671.png','To organize a business trip','To request updated information','To offer additional skills training','To promote a community event',NULL,7,'What is the purpose of the e-mail?',1),(105,NULL,NULL,NULL,NULL,NULL,'A company uniform','Read the passage and choose the correct answer:',56,'q65-671.png','A company uniform','A mosquito spray can','A rake','A sandwich',NULL,7,'What would probably NOT be necessary for participants?',1),(106,NULL,NULL,NULL,NULL,NULL,'Assigning individuals tasks','Read the passage and choose the correct answer:',56,'q65-671.png','Raising awareness about food waste ','Analyzing customer feedback','Assigning individuals tasks','Cleaning a community center',NULL,7,'According to the e-mail, what is Mr. Lewis responsible for?',1),(107,NULL,NULL,NULL,NULL,NULL,'He started his own business','Read the passage and choose the correct answer:',57,'image20.png','He works at an auto repair shop','He started his own business','He is a race car driver','He designs a variety of vehicles',NULL,7,'What is indicated about Mr. Sanchez?',1),(108,NULL,NULL,NULL,NULL,NULL,'sells','Read the passage and choose the correct answer:',57,'image20.png','moves','manufactures','sells','develops',NULL,7,'\"carries\"in paragraph 1, line 4, is closest in meaning to',1),(109,NULL,NULL,NULL,NULL,NULL,'It allows customers to test products','Read the passage and choose the correct answer:',57,'image20.png','It allows customers to test products','it operates a store in downtown Stockton ','It offers vehicle customization','It closes on weekends',NULL,7,'What is suggested about Sanchez Motors?',1),(110,NULL,NULL,NULL,NULL,NULL,'A special payment option','Read the passage and choose the correct answer:',57,'image20.png','Discounts on sports cars and vans ','An extended warranty at no extra cost','A special payment option','A free oil change with any purchase',NULL,7,'What is available to customers until the end of the year?',1),(111,NULL,NULL,NULL,NULL,'09-01.mp3','D','Look at the picture and listen to the sentences. Choose the sentence that best describes the picture:',1,'09-01.jpg','A','B','C','D',NULL,1,'',4),(112,NULL,NULL,NULL,NULL,'09-02.mp3','D','Look at the picture and listen to the sentences. Choose the sentence that best describes the picture:',2,'09-02.jpg','A','B','C','D',NULL,1,NULL,4),(113,NULL,NULL,NULL,NULL,'09-03.mp3','B','Look at the picture and listen to the sentences. Choose the sentence that best describes the picture:',3,'09-03.jpg','A','B','C','D',NULL,1,NULL,4),(114,NULL,NULL,NULL,NULL,'09-04.mp3','C','Look at the picture and listen to the sentences. Choose the sentence that best describes the picture:',4,'09-04.jpg','A','B','C','D',NULL,1,NULL,4),(115,NULL,NULL,NULL,NULL,'71.mp3','C','Listen to the question and the three responses. Choose the response that best answers the question:',5,NULL,'A','B','C',NULL,NULL,2,'You\'ve been to Japan before, haven\'t you?',4),(116,NULL,NULL,NULL,NULL,'81.mp3','B','Listen to the question and the three responses. Choose the response that best answers the question:',6,NULL,'A','B','C',NULL,NULL,2,'Where\'s the light switch?',4),(117,NULL,NULL,NULL,NULL,'91.mp3','A','Listen to the question and the three responses. Choose the response that best answers the question:',7,NULL,'A','B','C',NULL,NULL,2,'Would you like to return this item?',4),(118,NULL,NULL,NULL,NULL,'101.mp3','B','Listen to the question and the three responses. Choose the response that best answers the question:',8,NULL,'A','B','C',NULL,NULL,2,'How late did you work last night?',4),(119,NULL,NULL,NULL,NULL,'112.mp3','B','Listen to the question and the three responses. Choose the response that best answers the question:',9,NULL,'A','B','C',NULL,NULL,2,'Why isn\'t the heater on?',4),(120,NULL,NULL,NULL,NULL,'122.mp3','C','Listen to the question and the three responses. Choose the response that best answers the question:',10,NULL,'A','B','C',NULL,NULL,2,'What\'s the name of the company?',4),(121,NULL,NULL,NULL,NULL,'131.mp3','C','Listen to the question and the three responses. Choose the response that best answers the question:',11,NULL,'A','B','C',NULL,NULL,2,'Are you picking up the client today or tomorrow?',4),(122,NULL,NULL,NULL,NULL,'141.mp3','A','Listen to the question and the three responses. Choose the response that best answers the question:',12,NULL,'A','B','C',NULL,NULL,2,'Who should I assign this task to?',4),(123,NULL,NULL,NULL,NULL,'151.mp3','A','Listen to the question and the three responses. Choose the response that best answers the question:',13,NULL,'A','B','C',NULL,NULL,2,'You are planning to attend the concert on Wednesday, aren\'t you?',4),(124,NULL,NULL,NULL,NULL,'161.mp3','C','Listen to the question and the three responses. Choose the response that best answers the question:',14,NULL,'A','B','C',NULL,NULL,2,'Isn\'t Mr. Moore married?',4),(125,NULL,NULL,NULL,NULL,'171.mp3','A','Listen to the question and the three responses. Choose the response that best answers the question:',15,NULL,'A','B','C',NULL,NULL,2,'Can I help you carry that?',4),(126,NULL,NULL,NULL,NULL,'181.mp3','B','Listen to the question and the three responses. Choose the response that best answers the question:',16,NULL,'A','B','C',NULL,NULL,2,'When is the payment due?',4),(127,NULL,NULL,NULL,NULL,'192.mp3','B','Listen to the question and the three responses. Choose the response that best answers the question:',17,NULL,'A','B','C',NULL,NULL,2,'Which pattern do you like best?',4),(128,NULL,NULL,NULL,NULL,'31-33.mp3','To offer a part-time job','Listen to the dialogue. Then read each question and choose the best answer:',18,NULL,'To extend a rental period','To confirm an appointment','To offer a part-time job','To accept a proposal',NULL,3,'Why is the woman calling?',4),(129,NULL,NULL,NULL,NULL,'31-33.mp3','Send an advance payment','Listen to the dialogue. Then read each question and choose the best answer:',18,NULL,'Interpret for her supervisor','Send an advance payment','Submit an official request','Provide a work space',NULL,3,'What does the man ask the woman to do?',4),(130,NULL,NULL,NULL,NULL,'31-33.mp3','A deadline','Listen to the dialogue. Then read each question and choose the best answer:',18,NULL,'A requirement','A deadline','A meeting time','A company policy',NULL,3,'What will the woman inform the man about?',4),(131,NULL,NULL,NULL,NULL,'34-36.mp3','An expense report','Listen to the dialogue. Then read each question and choose the best answer:',19,NULL,'A receipt','A meeting schedule','An expense report','A prescription',NULL,3,'What did the woman make a copy of?',4),(132,NULL,NULL,NULL,NULL,'34-36.mp3','Write a message','Listen to the dialogue. Then read each question and choose the best answer:',19,NULL,'Sign a contract','Write a message','Contact a receptionist','Go on a business trip to Tokyo',NULL,3,'What does the man ask the woman to do?',4),(133,NULL,NULL,NULL,NULL,'34-36.mp3','Visit his co-worker','Listen to the dialogue. Then read each question and choose the best answer:',19,NULL,'Visit his co-worker','Submit a report','Make a new reservation','Work overtime',NULL,3,'What does the man plan to do?',4),(134,NULL,NULL,NULL,NULL,'38-40.mp3','Interior design','Listen to the dialogue. Then read each question and choose the best answer:',20,NULL,'Education','Manufacturing','Product development','Interior design',NULL,3,'What field do the speakers work in?',4),(135,NULL,NULL,NULL,NULL,'38-40.mp3','Choose different furniture','Listen to the dialogue. Then read each question and choose the best answer:',20,NULL,'Choose different furniture','Share a building plan','Change a color scheme','Place an order for wallpaper',NULL,3,'What does the man plan to do?',4),(136,NULL,NULL,NULL,NULL,'38-40.mp3','Authorization must first be obtained','Listen to the dialogue. Then read each question and choose the best answer:',20,NULL,'A shipment has been delayed','A contract has not been signed yet','Authorization must first be obtained','Some equipment is out of order',NULL,3,'According to the woman, why will l the speakers have to wait?',4),(137,NULL,NULL,NULL,NULL,'41-43.mp3','At a pet shop','Listen to the dialogue. Then read each question and choose the best answer:',21,NULL,'At a pet shop','At a catering company','At a fire station','At an animal shelter',NULL,3,'Where most likely are the speakers?',4),(138,NULL,NULL,NULL,NULL,'41-43.mp3','The size','Listen to the dialogue. Then read each question and choose the best answer:',21,NULL,'The price','The size','The age','The color',NULL,3,'What aspect of the woman\'s needs is mentioned?',4),(139,NULL,NULL,NULL,NULL,'41-43.mp3','Fill out some documents ','Listen to the dialogue. Then read each question and choose the best answer:',21,NULL,'Make an advance payment','Bring her identification','Fill out some documents ','Submit a letter of reference',NULL,3,'According to the man, what does the woman have to do?',4),(140,NULL,NULL,NULL,NULL,'44-46.mp3','A talent agent','Listen to the dialogue. Then read each question and choose the best answer:',22,NULL,'A photographer','A talent agent','A performer','A receptionist',NULL,3,'Who most likely is the man?',4),(141,NULL,NULL,NULL,NULL,'44-46.mp3','To provide a reminder','Listen to the dialogue. Then read each question and choose the best answer:',22,NULL,'To buy a ticket in advance','To confirm a reservation','To provide a reminder','To in quire about an advertisement',NULL,3,'Why is the man calling?',4),(142,NULL,NULL,NULL,NULL,'44-46.mp3','Make an official announcement','Listen to the dialogue. Then read each question and choose the best answer:',22,NULL,'Restrict backstage access','Take pictures of Mr. Jackson','Show the man a list of guests','Make an official announcement',NULL,3,'What does the woman offer to do?',4),(143,NULL,NULL,NULL,NULL,'47-49.mp3','It is superior to competitors','Listen to the dialogue. Then read each question and choose the best answer:',23,NULL,'It is affordable','It is superior to competitors','It is safe for children to use','It is simple to install',NULL,3,'What is mentioned about the product?',4),(144,NULL,NULL,NULL,NULL,'47-49.mp3','Promote new products','Listen to the dialogue. Then read each question and choose the best answer:',23,NULL,'Promote new products','Increase stock value','Encourage new innovations ','Reduce customer complaints',NULL,3,'According to the man, what will the advertisement help to do?',4),(145,NULL,NULL,NULL,NULL,'47-49.mp3','Contact an agency','Listen to the dialogue. Then read each question and choose the best answer:',23,NULL,'Create a website ','Buy a magazine ','Revise an article ','Contact an agency',NULL,3,'What will the man do next?',4),(146,NULL,NULL,NULL,NULL,'71-73.mp3','At a bank','Listen to the talk. Then read each question and choose the best answer:',24,NULL,'At a retail store','At a bank','At a gift shop','At a shipping company',NULL,4,'Where does the speaker work?',4),(147,NULL,NULL,NULL,NULL,'71-73.mp3','A delivery mistake','Listen to the talk. Then read each question and choose the best answer:',24,NULL,'A delivery mistake','An incorrect charge','A scheduling error ','A defective product',NULL,4,'What does the speaker apologize for?',4),(148,NULL,NULL,NULL,NULL,'71-73.mp3','Get rid of the recently delivered card ','Listen to the talk. Then read each question and choose the best answer:',24,NULL,'Return a call ','Renew his credit card ','Get rid of the recently delivered card ','Sign an application form',NULL,4,'What does the speaker ask the listener to do?',4),(149,NULL,NULL,NULL,NULL,'74-76.mp3','In a shopping mall ','Listen to the talk. Then read each question and choose the best answer:',25,NULL,'In a subway station','In a conference hall','In a shopping mall ','In a baggage claim area',NULL,4,'Where is the announcement being made?',4),(150,NULL,NULL,NULL,NULL,'74-76.mp3','Proceed to the checkout immediately','Listen to the talk. Then read each question and choose the best answer:',25,NULL,'Proceed to the checkout immediately','Register for a workshop','Search for a missing item','Visit a different location',NULL,4,'What are the listeners asked to do?',4),(151,NULL,NULL,NULL,NULL,'74-76.mp3','To recover a lost item','Listen to the talk. Then read each question and choose the best answer:',25,NULL,'To pay a membership fee','To recover a lost item','To recieve a voucher','To return an item',NULL,4,'Why should Ms. Goya go to the front desk?',4),(152,NULL,NULL,NULL,NULL,'77-79.mp3','An eyeglasses store','Listen to the talk. Then read each question and choose the best answer:',26,NULL,'A glassware factory','A pharmacy','An eyeglasses store','An insurance company',NULL,4,'What business created the message?',4),(153,NULL,NULL,NULL,NULL,'77-79.mp3','Free eye examinations','Listen to the talk. Then read each question and choose the best answer:',26,NULL,'Free eye examinations','Online purchases','Special discounts for regular customers','Free delivery on large orders',NULL,4,'According to the speaker, what service does the business offer?',4),(154,NULL,NULL,NULL,NULL,'77-79.mp3','To schedule an appointment','Listen to the talk. Then read each question and choose the best answer:',26,NULL,'To cancel an order','To change delivery information','To schedule an appointment','To leave a message',NULL,4,'Why would listeners press 2?',4),(155,NULL,NULL,NULL,NULL,'80-82.mp3','It is convenient to carry','Listen to the talk. Then read each question and choose the best answer:',27,NULL,'It is the lightest in the market','It has a built-in high- definition camera ','It is water-resistant ','It is convenient to carry',NULL,4,'What special feature of the new laptop does the speaker mention?',4),(156,NULL,NULL,'2022-05-02 22:04:22.174000','admin','80-82.mp3','By accessing a website','Listen to the talk. Then read each question and choose the best answer:',27,NULL,'By accessing a website','By stopping by the office of speaker','By visiting a local store','By visiting a local store','',4,'How can customers purchase the new laptop?,Listen to the talk. Then read each question and choose the best answer:',4),(157,NULL,NULL,NULL,NULL,'80-82.mp3','A small printer','Listen to the talk. Then read each question and choose the best answer:',27,NULL,'An additional battery','A carrying case','A portable speaker','A small printer',NULL,4,'What can customers receive this week?',4),(158,NULL,NULL,NULL,NULL,'83-85.mp3','To announce a new partnership ','Listen to the talk. Then read each question and choose the best answer:',28,NULL,'To announce a new partnership ','To introduce a new manager ','To propose a budget plan ','To announce his retirement',NULL,4,'What is the reason for the meeting?',4),(159,NULL,NULL,NULL,NULL,'83-85.mp3','To suggest the partnerships is good','Listen to the talk. Then read each question and choose the best answer:',28,NULL,'To suggest the partnerships is good','To review some materials','To recommend a new method','To offer a training program',NULL,4,'What does the woman imply when she says \"And why wouldn\'t we?\"',4),(160,NULL,NULL,NULL,NULL,'83-85.mp3','Study the new equipment','Listen to the talk. Then read each question and choose the best answer:',28,NULL,'Go on vacation','Continue using the old equipment ','Produce a movie ','Study the new equipment',NULL,4,'What does the woman suggest the studio staff do?',4),(161,NULL,NULL,NULL,NULL,NULL,'it','Choose the word that best completes the sentence:',29,NULL,'them','our','her','it',NULL,5,'Before you distribute the report, ask Ms.Burns to check that -------- has all the necessary Before you distribute the report, ask Ms.Burns to check that -------- has all the necessary information.',4),(162,NULL,NULL,NULL,NULL,NULL,'easier','Choose the word that best completes the sentence:',30,NULL,'easily','easy','easiest','easier',NULL,5,'According to consumers, using the new website is no _______ than calling the help center directly.',4),(163,NULL,NULL,NULL,NULL,NULL,'in','Choose the word that best completes the sentence:',31,NULL,'to','beside','in','among',NULL,5,'Anyone who participate _______ the city\'s Annual Banking Competition will receive a coupon from Fresh Supermarket.',4),(164,NULL,NULL,NULL,NULL,NULL,'to demolish','Choose the word that best completes the sentence:',32,NULL,'demolishes','have demolished','to demolish','demolished',NULL,5,'City officials are still debating Irving Enterprises request _______ the outdated building.',4),(165,NULL,NULL,NULL,NULL,NULL,'welcomes','Choose the word that best completes the sentence:',33,NULL,'conveys','preserves','encloses','welcomes',NULL,5,'Heron Glassworks ________ student groups of all ages for weekdays tours of its warehouse and production floor.',4),(166,NULL,NULL,NULL,NULL,NULL,'approach','Choose the word that best completes the sentence:',34,NULL,'approachably','approached','approach','approachable',NULL,5,'To combat mental illness, the clinic will take a more comprehensive ________  than it did in the past.',4),(167,NULL,NULL,NULL,NULL,NULL,'closest','Choose the word that best completes the sentence:',35,NULL,'closing','closely','closure','closest',NULL,5,'Brandy can make withdrawals from any SalisBank branch, but she usually visits the _______ one.',4),(168,NULL,NULL,NULL,NULL,NULL,'reward','Choose the word that best completes the sentence:',36,NULL,'reward','progress','solution','routine',NULL,5,'As a ______ for making contracts with a lot of new clients, Mr. Skinner was given additional vacation days.',4),(169,NULL,NULL,NULL,NULL,NULL,'personalized','Choose the word that best completes the sentence:',37,NULL,'personalizes','personalizing','personalize','personalized',NULL,5,'Please be seated according to the ____ name cards that have been placed on each table.',4),(170,NULL,NULL,NULL,NULL,NULL,'issues','Choose the word that best completes the sentence:',38,NULL,'issuing','issue','issues','issued',NULL,5,'The memo sent by Mr. Lee addressed a few ____ that were discovered during the quarterly inspection.',4),(171,NULL,NULL,NULL,NULL,NULL,'politically','Choose the word that best completes the sentence:',39,NULL,'politically','political','politics','politician',NULL,5,'Many voters in this city are uninterested, and only about 15% of them are ____ active.',4),(172,NULL,NULL,NULL,NULL,NULL,'throughout','Choose the word that best completes the sentence:',40,NULL,'between','throughout','during','toward',NULL,5,'This year\'s award winner, Cheryl Garner, taught basic first-aid skills to students and adults ____ the region.',4),(173,NULL,NULL,NULL,NULL,NULL,'Ideally','Choose the word that best completes the sentence:',41,NULL,'Reluctantly','Absolutely','Ideally','Mutually',NULL,5,'_____ the cabin will be rented out for the entire month, but the owner would agree to four weekly rentals instead.',4),(174,NULL,NULL,NULL,NULL,NULL,'detailing','Choose the word that best completes the sentence:',42,NULL,'detailed','detail','details','detailing',NULL,5,'The non-profit organization released to the press several documents ____ the largest donors and how much they contributed.',4),(175,NULL,NULL,NULL,NULL,NULL,'once','Choose the word that best completes the sentence:',43,NULL,'that','despite','once','rather',NULL,5,'No passengers are allowed on _____ board the aircraft\'s door has been closed.',4),(176,NULL,NULL,NULL,NULL,NULL,'accepted','Choose the word that best completes the sentence:',44,NULL,'to accept','accept','accepting','accepted',NULL,5,'Using a fingerprint system is generally_____ as the primary means of security at laboratories in this country.',4),(177,NULL,NULL,NULL,NULL,NULL,'lower','Choose the word that best completes the sentence:',45,NULL,'shorten','misplace','lower','collapse',NULL,5,'Living further from the city center will ______ your rental costs, but it affects your commute',4),(178,NULL,NULL,NULL,NULL,NULL,'have to request','Choose the word or phrase that best completes the blanks:',46,'image24.png','is requesting','has requested','have to request','had to request',NULL,6,NULL,4),(179,NULL,NULL,NULL,NULL,NULL,'Therefore','Choose the word or phrase that best completes the blanks:',46,'image24.png','Unfortunately','Therefore','Regardless','Finally',NULL,6,NULL,4),(180,NULL,NULL,NULL,NULL,NULL,'during','Choose the word or phrase that best completes the blanks:',46,'image24.png','upon','during','before ','at',NULL,6,NULL,4),(181,NULL,NULL,NULL,NULL,NULL,'The security office is open 24 hours a day.','Choose the word or phrase that best completes the blanks:',46,'image24.png','The move from keys to keyless entry should make the facility more secure','We will be looking forward to seeing you sometime next week','The security office is open 24 hours a day.','This is for product security',NULL,6,NULL,4),(182,NULL,NULL,NULL,NULL,NULL,'actively','Choose the word or phrase that best completes the blanks:',47,'image25.png','active','actived','actively','activated',NULL,6,NULL,4),(183,NULL,NULL,NULL,NULL,NULL,'Our commitment to the community is as important as our commitment to our students.','Choose the word or phrase that best completes the blanks:',47,'image25.png','Our company tries to work with outside communities','Our commitment to the community is as important as our commitment to our students.','Our company is unique and uses strange instruments','Our company is in a special location, next to the auto service center',NULL,6,NULL,4),(184,NULL,NULL,NULL,NULL,NULL,'contemporary','Choose the word or phrase that best completes the blanks:',47,'image25.png','contemporary','unknown','strange','boring',NULL,6,NULL,4),(185,NULL,NULL,NULL,NULL,NULL,'applying','Choose the word or phrase that best completes the blanks:',47,'image25.png','apply','applied','applying','to apply',NULL,6,NULL,4),(186,NULL,NULL,NULL,NULL,NULL,'Home appliances','Read the passage and choose the correct answer:',48,'147-148.jpg','Home appliances','Office furniture','Computer equipment','Construction materials',NULL,7,'What does Henderson Inc. sell?',4),(187,NULL,NULL,NULL,NULL,NULL,'She will receive her deliveries at no charge.','Read the passage and choose the correct answer:',48,'147-148.jpg','She must pick up her items in person','She is eligib le for a special discount','She will receive her deliveries at no charge.','She paid with a check.',NULL,7,'What is indicated about Ms. Ward?',4),(188,NULL,NULL,NULL,NULL,NULL,'She is in the middle of meetings','Read the passage and choose the correct answer:',50,'image23.png','She is eating a snack','She wil l be promoted','She is in the middle of meetings','She plans on cancelling a lunch appointment',NULL,7,'What is suggested about Ms. Berry?',4),(189,NULL,NULL,NULL,NULL,NULL,'She is inquiring if Mr. Cooper will be missing the appointment','Read the passage and choose the correct answer:',50,'image23.png','She is asking if Mr. Cooper has finished his meeting.','She is inquiring if Mr. Cooper will be missing the appointment','She wants to know if Mr. Cooper will go to North Point','She would like Mr. Cooper to notify her when he leaves',NULL,7,'At 10:13, what does Ms. Berry mean when she writes\"Are you bailing on it\"?',4),(190,NULL,NULL,NULL,NULL,NULL,'It is providing lower prices on certain screenings.','Read the passage and choose the correct answer:',51,'151-152.jpg','It will screen fewer films this December.','It is hiring part-timers','It will be adding a new theater location','It is providing lower prices on certain screenings.',NULL,7,'What is indicated about Superbox Theaters?',4),(191,NULL,NULL,NULL,NULL,NULL,'Select a seat location','Read the passage and choose the correct answer:',51,'151-152.jpg','Demand a refund','Select a seat location','Sign up for a newsletter','Renew their membership',NULL,7,'What are customers able to do on the website?',4),(192,NULL,NULL,NULL,NULL,NULL,'To reschedule a meeting','Read the passage and choose the correct answer:',52,'153-154.jpg','To reschedule a meeting','To request a monthly operating report','To introduce a new employee','To propose a new marketing strategy',NULL,7,'What is the purpose of the e-mail?',4),(193,NULL,NULL,'2022-05-02 22:05:03.534000','admin',NULL,'He works in advertising','Read the passage and choose the correct answer:',52,'153-154.jpg','He is changing positions.','He often travels for business.','He works in advertising','He is changing positions.','',7,'What does the e-mail indicate about Mr. Ito?,Read the passage and choose the correct answer:,Read the passage and choose the correct answer:,',4),(194,NULL,NULL,NULL,NULL,NULL,'To give an employee instructions','Read the passage and choose the correct answer:',53,'image22.png','To inform the suppliers of a mistake','To give an employee instructions','To order a shipment of beverages','To keep inventory of products',NULL,7,'What is the purpose of the e-mail?',4),(195,NULL,NULL,NULL,NULL,NULL,'They are temperature sensitive','Read the passage and choose the correct answer:',53,'image22.png','The products are fragile.','They may arrive late','They are temperature sensitive','They are for an important client.',NULL,7,'Why is Victor concerned about the shipment?',4),(196,NULL,NULL,NULL,NULL,NULL,'[2]','Read the passage and choose the correct answer:',53,'image22.png','[1]','[2]','[3]','[4]',NULL,7,'In which of the positions marked [1], [2], [3] and [4] does the following sentence belong?\"I\'m worried about the weather.\"',4),(197,NULL,NULL,NULL,NULL,NULL,'It offers options for those with dietary restrictions.','Read the passage and choose the correct answer:',54,'158-160.jpg','It is internationally known.','It employs local students','It offers options for those with dietary restrictions.','Its store space can be rented for various events.',NULL,7,'What is mentioned about Marigold Bakery?',4),(198,NULL,NULL,NULL,NULL,NULL,'The store will shut down for renovations.','Read the passage and choose the correct answer:',54,'158-160.jpg','The store will shut down for renovations.','A classroom wil l be constructed','The menu will be expanded.','The shop will cater a community event.',NULL,7,'According to the advertisement, what will happen in September?',4),(199,NULL,NULL,NULL,NULL,NULL,'It is designed for local teenagers.','Read the passage and choose the correct answer:',54,'158-160.jpg','It will be held at a community center this year.','It has been going on for over 30 years.','It is taught by an experienced baker.','It is designed for local teenagers.',NULL,7,'What is indicated about the cooking class?',4),(200,NULL,NULL,NULL,NULL,NULL,'At a company','Read the passage and choose the correct answer:',55,'image21.png','At a restaurant','At a pizza shop','At a company','In an electronics shop',NULL,7,'Where most likely are the participants?',4),(201,NULL,NULL,'2022-05-02 22:05:32.643000','admin',NULL,'He would like to go out for lunch','Read the passage and choose the correct answer:',55,'image21.png','He is doing a presentation.','He is in his office.','He would like to go out for lunch','He is in his office.','',7,'At 12:10, what does Martin Lee mean when he says,\"Count me in\"?,Read the passage and choose the correct answer:',4),(202,NULL,NULL,NULL,NULL,NULL,'It is about new products .','Read the passage and choose the correct answer:',55,'image21.png','It wil l be presented after lunch','It is about new products .','It is very long','It needs more information.',NULL,7,'What is indicated about the presentation?',4),(203,NULL,NULL,NULL,NULL,NULL,'Their graphics','Read the passage and choose the correct answer:',55,'image21.png','Their graphics','Their information','Their computer use','Their presentation format',NULL,7,'What will Martin Lee most likely help the presenters with?',4),(204,NULL,NULL,NULL,NULL,NULL,'To promote a community event','Read the passage and choose the correct answer:',56,'q65-671.png','To organize a business trip','To request updated information','To offer additional skills training','To promote a community event',NULL,7,'What is the purpose of the e-mail?',4),(205,NULL,NULL,NULL,NULL,NULL,'A company uniform','Read the passage and choose the correct answer:',56,'q65-671.png','A company uniform','A mosquito spray can','A rake','A sandwich',NULL,7,'What would probably NOT be necessary for participants?',4),(206,NULL,NULL,NULL,NULL,NULL,'Assigning individuals tasks','Read the passage and choose the correct answer:',56,'q65-671.png','Raising awareness about food waste ','Analyzing customer feedback','Assigning individuals tasks','Cleaning a community center',NULL,7,'According to the e-mail, what is Mr. Lewis responsible for?',4),(207,NULL,NULL,NULL,NULL,NULL,'He started his own business','Read the passage and choose the correct answer:',57,'image20.png','He works at an auto repair shop','He started his own business','He is a race car driver','He designs a variety of vehicles',NULL,7,'What is indicated about Mr. Sanchez?',4),(208,NULL,NULL,NULL,NULL,NULL,'sells','Read the passage and choose the correct answer:',57,'image20.png','moves','manufactures','sells','develops',NULL,7,'\"carries\"in paragraph 1, line 4, is closest in meaning to',4),(209,NULL,NULL,NULL,NULL,NULL,'It allows customers to test products','Read the passage and choose the correct answer:',57,'image20.png','It allows customers to test products','it operates a store in downtown Stockton ','It offers vehicle customization','It closes on weekends',NULL,7,'What is suggested about Sanchez Motors?',4),(210,NULL,NULL,NULL,NULL,NULL,'A special payment option','Read the passage and choose the correct answer:',57,'image20.png','Discounts on sports cars and vans ','An extended warranty at no extra cost','A special payment option','A free oil change with any purchase',NULL,7,'What is available to customers until the end of the year?',4),(211,NULL,NULL,NULL,'','110.mp3','A','Look at the picture and listen to the sentences. Choose the sentence that best describes the picture:',58,'123.jpg','A','B','C','D',NULL,1,'',4),(212,NULL,NULL,NULL,NULL,'213.mp3','A','Look at the picture and listen to the sentences. Choose the sentence that best describes the picture:',59,'220.jpg','A','B','C','D',NULL,1,NULL,4),(213,NULL,NULL,NULL,NULL,'73.mp3','B','Listen to the question and the three responses. Choose the response that best answers the question:',60,NULL,'A','B','C',NULL,NULL,2,'Do you want some coffee while you wait?',4),(214,NULL,NULL,NULL,NULL,'83.mp3','A','Listen to the question and the three responses. Choose the response that best answers the question:',61,NULL,'A','B','C',NULL,NULL,2,'Where will the conference be held this year?',4),(215,NULL,NULL,NULL,NULL,'93.mp3','A','Listen to the question and the three responses. Choose the response that best answers the question:',62,NULL,'A','B','C',NULL,NULL,2,'Who did you contact at the bank for your business loan?',4),(216,NULL,NULL,NULL,NULL,'103.mp3','B','Listen to the question and the three responses. Choose the response that best answers the question:',63,NULL,'A','B','C',NULL,NULL,2,'When is the safety inspector due to visit the factory?',4),(217,NULL,NULL,NULL,NULL,'114.mp3','C','Listen to the question and the three responses. Choose the response that best answers the question:',64,NULL,'A','B','C',NULL,NULL,2,'Whats the membership fee at the fitness center on Oak Street?',4),(218,NULL,NULL,NULL,NULL,'124.mp3','C','Listen to the question and the three responses. Choose the response that best answers the question:',65,NULL,'A','B','C',NULL,NULL,2,'Where can I store my luggage?',4),(219,NULL,NULL,NULL,NULL,'133.mp3','B','Listen to the question and the three responses. Choose the response that best answers the question:',66,NULL,'A','B','C',NULL,NULL,2,'Whos managing the production line?',4),(220,NULL,NULL,NULL,NULL,'143.mp3','A','Listen to the question and the three responses. Choose the response that best answers the question:',67,NULL,'A','B','C',NULL,NULL,2,'Isnt the bridge still closed?',4),(221,NULL,NULL,NULL,NULL,'153.mp3','A','Listen to the question and the three responses. Choose the response that best answers the question:',68,NULL,'A','B','C',NULL,NULL,2,'The chair in my office is very uncomfortable',4),(222,NULL,NULL,NULL,NULL,'163.mp3','C','Listen to the question and the three responses. Choose the response that best answers the question:',69,NULL,'A','B','C',NULL,NULL,2,'Which printer did you buy?',4),(223,NULL,NULL,NULL,NULL,'173.mp3','C','Listen to the question and the three responses. Choose the response that best answers the question:',70,NULL,'A','B','C',NULL,NULL,2,'How do I enter your contest?',4),(224,NULL,NULL,NULL,NULL,'183.mp3','B','Listen to the question and the three responses. Choose the response that best answers the question:',71,NULL,'A','B','C',NULL,NULL,2,'I can make a list of the candidates for the receptlonlst posltlon',4),(225,NULL,NULL,NULL,NULL,'32-341.mp3','A mobile phone','Listen to the dialogue. Then read each question and choose the best answer:',72,NULL,'A motorcycle','A mobile phone','A laptop computer','An exercise machine','',3,'What are the speakers discussing?',4),(226,NULL,NULL,NULL,NULL,'32-341.mp3','The color options','Listen to the dialogue. Then read each question and choose the best answer:',72,NULL,'The prices','The battery life','The warranty','The color options',NULL,3,'What does the man ask about?',4),(227,NULL,NULL,NULL,NULL,'32-341.mp3','Complete a transaction','Listen to the dialogue. Then read each question and choose the best answer:',72,NULL,'Request some feedback','Contact a technician','Complete a transaction','Create an online profile',NULL,3,'What will the woman most likely do next?',4),(228,NULL,NULL,NULL,NULL,'35-371.mp3','Make a coworkers delivery','Listen to the dialogue. Then read each question and choose the best answer:',73,NULL,'Schedule an appointment','Make a coworkers delivery','Call a colleague ','Prepare an invoice',NULL,3,'What does the woman ask the man to do?',4),(229,NULL,NULL,NULL,NULL,'35-371.mp3','Directions to a store','Listen to the dialogue. Then read each question and choose the best answer:',73,NULL,'Keys to a vehicle','A telephone number','A price list','Directions to a store',NULL,3,'What does the man say he needs?',4),(230,NULL,NULL,NULL,NULL,'35-371.mp3','Get a signature','Listen to the dialogue. Then read each question and choose the best answer:',73,NULL,'Notify his manager','Check some merchandise','Print a document','Get a signature',NULL,3,'What does the woman remind the man to do?',4),(231,NULL,NULL,NULL,NULL,'38-402.mp3','Register for an event','Listen to the dialogue. Then read each question and choose the best answer:',74,NULL,'Confirm an appointment','Receive a refund','Book a flight','Register for an event',NULL,3,'What is the woman trying to do?',4),(232,NULL,NULL,NULL,NULL,'38-402.mp3','A Web site is not working','Listen to the dialogue. Then read each question and choose the best answer:',74,NULL,'A business is closed','A Web site is not working','A credit card has expired','A date is incorrect',NULL,3,'What has caused a problem?',4),(233,NULL,NULL,NULL,NULL,'38-402.mp3','A name','Listen to the dialogue. Then read each question and choose the best answer:',74,NULL,'A name','An address','A password','A tracking number',NULL,3,'What information does the man ask the woman for?',4),(234,NULL,NULL,NULL,NULL,'41-432.mp3','At an advertising firm','Listen to the dialogue. Then read each question and choose the best answer:',75,NULL,'At an advertising firm','At a bank','At a law office','At a travel agency',NULL,3,'Where do the speakers most likely work?',4),(235,NULL,NULL,NULL,NULL,'41-432.mp3','She cannot make a commitment yet.','Listen to the dialogue. Then read each question and choose the best answer:',75,NULL,'She is not allowed to repeat certain information.','She cannot make a commitment yet.','She should leave for an appointment','She has to correct some errors in a report',NULL,3,'What does the woman mean when she says, | really cant say',4),(236,NULL,NULL,NULL,NULL,'41-432.mp3','Joining a meeting','Listen to the dialogue. Then read each question and choose the best answer:',75,NULL,'Making travel arrangements','Preparing a contract','Joining a meeting','Reviewing a report',NULL,3,'What does the man propose?',4),(237,NULL,NULL,NULL,NULL,'44-462.mp3','At a real estate agency','Listen to the dialogue. Then read each question and choose the best answer:',76,NULL,'At a utility company','At a moving company','At an employment firm','At a real estate agency',NULL,3,'Where most likely does the woman work?',4),(238,NULL,NULL,NULL,NULL,'44-462.mp3','It is located in the city center','Listen to the dialogue. Then read each question and choose the best answer:',76,NULL,'It does not have air conditioning','Its lease has expired','It is located in the city center','It is close to public transportation',NULL,3,'What does the man say about his office?',4),(239,NULL,NULL,NULL,NULL,'44-462.mp3','The timing of a visit','Listen to the dialogue. Then read each question and choose the best answer:',76,NULL,'The timing of a visit','The name of a supervisor','The amount of a bill','The measurements of a room',NULL,3,'What information does the woman request?',4),(240,NULL,NULL,NULL,NULL,'47-492.mp3','A journalist ','Listen to the dialogue. Then read each question and choose the best answer:',77,NULL,'A chef','An accountant','A journalist ','A nutritionist',NULL,3,'Who is the woman?',4),(241,NULL,NULL,NULL,NULL,'47-492.mp3','Hired a new caterer','Listen to the dialogue. Then read each question and choose the best answer:',77,NULL,'Won an award','Hired a new caterer','Given a presentation','Expanded a business',NULL,3,'What has the man recently done?',4),(242,NULL,NULL,NULL,NULL,'47-492.mp3','It is justified by the benefits.','Listen to the dialogue. Then read each question and choose the best answer:',77,NULL,'It is not being changed.','It is justified by the benefits.','It is still being determined.','It was published in a newspaper',NULL,3,'What does the man say about the cost of the program?',4),(243,NULL,NULL,NULL,NULL,'50-521.mp3','A business conference','Listen to the dialogue. Then read each question and choose the best answer:',78,NULL,'A business conference','An employee orientation','A film festival','A staff meeting',NULL,3,'What type of event are the speakers attending?',4),(244,NULL,NULL,NULL,NULL,'50-521.mp3','She prefers to try another option.','Listen to the dialogue. Then read each question and choose the best answer:',78,NULL,'She prefers to try another option.','She wants to encourage the man to work harder.','She is disappointed in the quality of the presentation.','She thinks her team is more competent than other teams.',NULL,3,'Why does the woman say,',4),(245,NULL,NULL,NULL,NULL,'50-521.mp3','They are available near the entrance','Listen to the dialogue. Then read each question and choose the best answer:',78,NULL,'They are printed in color.','They are available near the entrance','There are not enough copies for everyone.','They can be found online.',NULL,3,'What does the man say about the presentation handouts?',4),(246,NULL,NULL,NULL,NULL,'71-739.mp3','At a car repair shop','Listen to the talk. Then read each question and choose the best answer:',79,NULL,'At an electronics store','At a plumbing company','At a car repair shop','At a cleaning service',NULL,4,'Where does the speaker work?',4),(247,NULL,NULL,NULL,NULL,'71-739.mp3','Ordered a part','Listen to the talk. Then read each question and choose the best answer:',79,NULL,'Scheduled an appointment','Completed a repair','Adjusted an invoice','Ordered a part',NULL,4,'What does the speaker say he has done?',4),(248,NULL,NULL,NULL,NULL,'71-739.mp3','Use of a vehicle','Listen to the talk. Then read each question and choose the best answer:',79,NULL,'Use of a vehicle','An extended warranty','A free inspection','Expedited delivery',NULL,4,'What does the speaker offer?',4),(249,NULL,NULL,NULL,NULL,'74-767.mp3','Supermarket cashiers','Listen to the talk. Then read each question and choose the best answer:',80,NULL,'Factory workers','Medical specialists','Supermarket cashiers','Hotel clerks',NULL,4,'Who most likely are the listeners?',4),(250,NULL,NULL,NULL,NULL,'74-767.mp3','Interacting with customers','Listen to the talk. Then read each question and choose the best answer:',80,NULL,'Interacting with customers','Operating new equipment','Protecting merchandise from damage','Maintaining a clean work area',NULL,4,'What is the topic of the meeting?',4),(251,NULL,NULL,NULL,NULL,'74-767.mp3','Work with a partner','Listen to the talk. Then read each question and choose the best answer:',80,NULL,'Turn on a machine','Tour a building','Give feedback','Work with a partner',NULL,4,'What will the listeners do next?',4),(252,NULL,NULL,NULL,NULL,'77-796.mp3','At an airport','Listen to the talk. Then read each question and choose the best answer:',81,NULL,'At her house','At an airport','In a taxi','On a train',NULL,4,'Where most likely is the speaker?',4),(253,NULL,NULL,NULL,NULL,'77-796.mp3','She is annoyed','Listen to the talk. Then read each question and choose the best answer:',81,NULL,'She is annoyed','She is excited','She is embarrassed','She is confused',NULL,4,'What does the speaker imply when she says, \"Can you believe it\"?',4),(254,NULL,NULL,NULL,NULL,'77-796.mp3','Pick up a package','Listen to the talk. Then read each question and choose the best answer:',81,NULL,'Lock a door','Check an address','Meet a colleague','Pick up a package',NULL,4,'What does the speaker ask the listener to do?',4),(255,NULL,NULL,NULL,NULL,'80-827.mp3','At a fabric factory','Listen to the talk. Then read each question and choose the best answer:',82,NULL,'At an outdoor market','At a fabric factory','At a fashion museum','At a trade fair',NULL,4,'Where is the tour most likely taking place?',4),(256,NULL,NULL,NULL,NULL,'80-827.mp3','The starting location','Listen to the talk. Then read each question and choose the best answer:',82,NULL,'The duration','The distance','The starting location','The tour guide',NULL,4,'What does the speaker say has changed about the tour?',4),(257,NULL,NULL,NULL,NULL,'80-827.mp3','A special discount','Listen to the talk. Then read each question and choose the best answer:',82,NULL,'A special discount','A longer tour','Free membership','Product samples',NULL,4,'What does the speaker offer the listeners?',4),(258,NULL,NULL,NULL,NULL,'83-857.mp3','Construction on a new railway line will begin.','Listen to the talk. Then read each question and choose the best answer:',83,NULL,'A tourist resort will be renovated.','An airline merger will take place.','Construction on a new railway line will begin.','A hotel association will select a new president',NULL,4,'According to the news report, what will happen at the end of the year?',4),(259,NULL,NULL,NULL,NULL,'83-857.mp3','Comfortable seats','Listen to the talk. Then read each question and choose the best answer:',83,NULL,'Automated reservation service','Comfortable seats','Lower prices','Shorter travel times',NULL,4,'What benefit to travelers does the speaker mention?',4),(260,NULL,NULL,NULL,NULL,'83-857.mp3','Tourism professionals','Listen to the talk. Then read each question and choose the best answer:',83,NULL,'Local mayors','Airline pilots','Tourism professionals','Construction supervisors',NULL,4,'Who does the speaker say is pleased with the news?',4),(261,NULL,NULL,NULL,NULL,NULL,'her','Choose the word that best completes the sentence:',84,NULL,'she','her','hers','herself',NULL,5,'While the director of communications is away, all e-mails and calls will be forwarded to ............................... assistant.',4),(262,NULL,NULL,NULL,NULL,NULL,'too','Choose the word that best completes the sentence:',85,NULL,'so','ever','too','already',NULL,5,'Mr. Srours flight arrived ................................... late for him to attend the reception.',4),(263,NULL,NULL,NULL,NULL,NULL,'opening','Choose the word that best completes the sentence:',86,NULL,'opening','openness','openly','opens',NULL,5,'Mr. Wagner will arrange the schedule of events for the ........................................ of the flagship store.',4),(264,NULL,NULL,NULL,NULL,NULL,'After','Choose the word that best completes the sentence:',87,NULL,'During','Then','After','Next',NULL,5,'.................... the final award had been presented, Ms. Ryu acknowledged the support of the event\'s sponsors.',4),(265,NULL,NULL,NULL,NULL,NULL,'successful','Choose the word that best completes the sentence:',88,NULL,'succeed','success','successful','successfully',NULL,5,'Chunto Consultancy Service recommended a ............................... way of balancing the annual budget.',4),(266,NULL,NULL,NULL,NULL,NULL,'on','Choose the word that best completes the sentence:',89,NULL,'up','on','of','in',NULL,5,'Press lightly ............................ the pedal with your left foot to release the vehicles parking brake.',4),(267,NULL,NULL,NULL,NULL,NULL,'to visit','Choose the word that best completes the sentence:',90,NULL,'visiting','to visit','visits','having visited',NULL,5,'Hikers are invited ............................ the information center for trail maps of Far Valley Park.',4),(268,NULL,NULL,NULL,NULL,NULL,'inexperienced','Choose the word that best completes the sentence:',91,NULL,'unmistakable','incomplete','unused','inexperienced',NULL,5,'Danton Estate Brokerage offers an online educational program to help.............................. home buyers choose a property.',4),(269,NULL,NULL,NULL,NULL,NULL,'how','Choose the word that best completes the sentence:',92,NULL,'how','that','since','about',NULL,5,'lolana Dance Troupe stands out because the group knows .............................. to integrate a variety of dance styles.',4),(270,NULL,NULL,NULL,NULL,NULL,'use','Choose the word that best completes the sentence:',93,NULL,'use','model','time','call',NULL,5,'The Lafayette Hill Public Library requires that the ................................. of mobile phones be restricted to the conversation rooms.',4),(271,NULL,NULL,NULL,NULL,NULL,'increasingly','Choose the word that best completes the sentence:',94,NULL,'increases','increasing','increased','increasingly',NULL,5,'Major airlines have .......................... been using self-serve ticketing systems to reduce wait times.',4),(272,NULL,NULL,NULL,NULL,NULL,'for','Choose the word that best completes the sentence:',95,NULL,'from','to','off','for',NULL,5,'A book of songs written by Pakistani singer Ayesha Saad was sold at auction yesterday .......................... an undisclosed amount.',4),(273,NULL,NULL,NULL,NULL,NULL,'nothing','Choose the word that best completes the sentence:',96,NULL,'other','neither','nothing','whatever',NULL,5,'There is ............................ more important to maintaining dental health than brushing your teeth twice a day.',4),(274,NULL,NULL,NULL,NULL,NULL,'will be merging','Choose the word or phrase that best completes the blanks:',97,'image2.png','have been merging','will be merging','have merged','are merged',NULL,6,NULL,4),(275,NULL,NULL,NULL,NULL,NULL,'created','Choose the word or phrase that best completes the blanks:',97,'image2.png','renovated','informed','created','acquired',NULL,6,NULL,4),(276,NULL,NULL,NULL,NULL,NULL,'The financial terms of the agreement have yet to be disclosed','Choose the word or phrase that best completes the blanks:',97,'image2.png','The financial terms of the agreement have yet to be disclosed','The energy sector is vital to Tanzanias development','Both companies have an exceptional grasp of the international financial market.','Both companies have an excellent reputation in their respective industries.',NULL,6,NULL,4),(277,NULL,NULL,NULL,NULL,NULL,'They','Choose the word or phrase that best completes the blanks:',97,'image2.png','We','It','They','She',NULL,6,NULL,4),(278,NULL,NULL,NULL,NULL,NULL,'department','Choose the word or phrase that best completes the blanks:',98,'image3.png','phase','department','consultant','expertise',NULL,6,NULL,4),(279,NULL,NULL,NULL,NULL,NULL,'My extensive experience makes me an ideal fit for your company.','Choose the word or phrase that best completes the blanks:',98,'image3.png','Your Web site also listed an internship that would be a great opportunity','The job description said that applicants should have an advanced degree.','My manager replied to your request last week.','My extensive experience makes me an ideal fit for your company.',NULL,6,NULL,4),(280,NULL,NULL,NULL,NULL,NULL,'Prior to','Choose the word or phrase that best completes the blanks:',98,'image3.png','Regarding','Following','Contrary to','Prior to',NULL,6,NULL,4),(281,NULL,NULL,NULL,NULL,NULL,'gives','Choose the word or phrase that best completes the blanks:',98,'image3.png','give','gave','gives','is giving',NULL,6,NULL,4),(282,NULL,NULL,NULL,NULL,NULL,'Leaders of companies','Read the passage and choose the correct answer:',99,'image16.png','Teams of lawyers','Leaders of companies','Payroll processors','Newspaper reporters',NULL,7,'For whom is the article mainly intended?',4),(283,NULL,NULL,NULL,NULL,NULL,'It is easy to begin implementing.','Read the passage and choose the correct answer:',99,'image16.png','It is easy to begin implementing.','It makes a company appealing to job applicants','It can enable a company to extend its operating hours.','It increases workers\' happiness',NULL,7,'What is NOT mentioned as a benefit of flextime?',4),(284,NULL,NULL,NULL,NULL,NULL,'A review of policies','Read the passage and choose the correct answer:',99,'image16.png','A simplification of payments','An adjustment of job descriptions','A review of policies','A reduction of hours',NULL,7,'According to the article, what should take place periodically?',4),(285,NULL,NULL,NULL,NULL,NULL,'[3]','Read the passage and choose the correct answer:',99,'image16.png','[1]','[2]','[3]','[4]',NULL,7,'In which of the positions marked [1], [2], [3], and [4] does the following sentence best belong? \'For example, employers may choose to allow only employees with certain job titles to participate.\'',4),(296,NULL,NULL,NULL,NULL,NULL,'It is conveniently located.','Read the passage and choose the correct answer:',103,'image18.png','It offers on-site parking','It is conveniently located.','Its admission prices were recently raised','Its museum shop is currently closed',NULL,7,'What is suggested about the Morlen Museum?',4),(297,NULL,NULL,NULL,NULL,NULL,'To request information about a museum tour','Read the passage and choose the correct answer:',103,'image18.png','To inquire about an advertised job','To offer a volunteer opportunity','To request information about a museum tour','To propose a topic for a special exhibit',NULL,7,'Why did Mr. Cordell write the e-mail?',4),(298,NULL,NULL,NULL,NULL,NULL,'A mentoring program','Read the passage and choose the correct answer:',103,'image18.png','A mentoring program','A staffing company','A travel agency','A geology club',NULL,7,'According to the e-mail, what is the TEPP?',4),(299,NULL,NULL,NULL,NULL,NULL,'Full Access','Read the passage and choose the correct answer:',103,'image18.png','Basic','Basic Plus','Super Saver','Full Access',NULL,7,'What type of ticket will members of the TEPP group most likely require?',4),(300,NULL,NULL,NULL,NULL,NULL,'Earth, Fire, Water, Wind','Read the passage and choose the correct answer:',103,'image18.png','Sports','Butterflies','Mathematical Beauty','Earth, Fire, Water, Wind',NULL,7,'What exhibit will the TEPP group most likely visit?',4),(301,NULL,NULL,NULL,NULL,NULL,'To advertise a companys new program','Read the passage and choose the correct answer:',104,'image19.png','To list volunteer opportunities at a company','To describe the history of a company','To advertise a companys new program','To announce the retirement of a companys president',NULL,7,'What is the purpose of the notice?',4),(302,NULL,NULL,NULL,NULL,NULL,'The head of a company','Read the passage and choose the correct answer:',104,'image19.png','The founder of a business','The head of a company','A university instructor','An internship candidate',NULL,7,'Who is Tristan Powell?',4),(303,NULL,NULL,NULL,NULL,NULL,'To answer a question','Read the passage and choose the correct answer:',104,'image19.png','To congratulate Mr. Chen','To inquire about a problem','To send Mr. Chen paperwork ','To answer a question',NULL,7,'What is one reason for Ms. Vithana\'s e-mail?',4),(304,NULL,NULL,NULL,NULL,NULL,'He is an engineering student','Read the passage and choose the correct answer:',104,'image19.png','He has worked with Mr. Anders in the past','He requested help with a project.','He is an engineering student','He is transferring to a different office',NULL,7,'What is true about Mr. Chen?',4),(305,NULL,NULL,NULL,NULL,NULL,'In Bristol','Read the passage and choose the correct answer:',104,'image19.png','In Birmingham','In Bristol','In London','In Manchester',NULL,7,'Where will Mr. Chen be working?',4),(306,NULL,NULL,NULL,NULL,NULL,'It can make customized products','Read the passage and choose the correct answer:',105,'image21 (1).png','It is a new company ','It sells cardboard boxes','It can make customized products','Its products are sold primarily in Asia',NULL,7,' What is indicated about Euroful?',4),(307,NULL,NULL,NULL,NULL,NULL,'To ask for advice','Read the passage and choose the correct answer:',105,'image21 (1).png','To ask for advice','To propose a change ','To explain a procedure','To recommend a supplier',NULL,7,'Why did Ms. Villadsen send Mr. Luzzatto the e-mail?',4),(308,NULL,NULL,NULL,NULL,NULL,'Attribute 5','Read the passage and choose the correct answer:',105,'image21 (1).png','Attribute 2','Attribute 3','Attribute 4','Attribute 5',NULL,7,'What attribute of Eurofuls glass containers did Ms. Villadsen and Mr. Luzzatto discuss?',4),(309,NULL,NULL,NULL,NULL,NULL,'Boxes of different sizes','Read the passage and choose the correct answer:',105,'image21 (1).png','Extra product samples','Boxes of different sizes','Individually wrapped jars','Special instructions for delivery',NULL,7,'According to the information sheet, what does overpacking require?',4),(310,NULL,NULL,NULL,NULL,NULL,'Expanding bio foam','Read the passage and choose the correct answer:',105,'image21 (1).png','Recycled paper strips','Plastic air pillows','Styrofoam packing peanuts','Expanding bio foam',NULL,7,'What packaging filler would best meet the needs of Bivilla Cosmetics?',4),(311,NULL,NULL,NULL,NULL,NULL,'They will help modern appliances run better','Read the passage and choose the correct answer:',106,'image24 (1).png','They will help modern appliances run better','They will be installed more quickly than cast-iron pipes','They will be replaced in several years','They will be installed at night',NULL,7,'According to the article, what is true about the new pipes?',4),(312,NULL,NULL,NULL,NULL,NULL,'It has not been finalized','Read the passage and choose the correct answer:',106,'image24 (1).png','It will not be approved by city officials','It has been posted by Ms. Cheptumo','It contains several errors','It has not been finalized',NULL,7,'What does the article indicate about the work schedule?',4),(313,NULL,NULL,NULL,NULL,NULL,'A city street will be closed to traffic.','Read the passage and choose the correct answer:',106,'image24 (1).png','A meeting of NESI technicians will be held.','A national holiday will be celebrated','A city street will be closed to traffic.','A NESI customers complaint will be resolved',NULL,7,'What will happen on October 16 ?',4),(314,NULL,NULL,NULL,NULL,NULL,'He lives on Moringa Road','Read the passage and choose the correct answer:',106,'image24 (1).png','He requested some information','He lives on Moringa Road','He recently spoke to Ms. Kamau','He is not at home in the evening',NULL,7,'What is suggested about Mr. Abonyo?',4),(315,NULL,NULL,NULL,NULL,NULL,'A NESI employee','Read the passage and choose the correct answer:',106,'image24 (1).png','A city official','A NESI employee','An appliance technician','An executive at a factory.',NULL,7,'Who most likely is Ms. Kamau?',4),(316,NULL,NULL,NULL,NULL,NULL,'It is able to host groups of various types','Read the passage and choose the correct answer:',107,'image27.png','It is able to host groups of various types','It is conveniently located in downtown Nassau.','It has hired a new chef for its restaurant','It plans to renovate a business center.',NULL,7,'What does the brochure mention about Elvinna\'s?',4),(317,NULL,NULL,NULL,NULL,NULL,'It is a decision he cannot make alone.','Read the passage and choose the correct answer:',107,'image27.png','It should feature a simple menu.','It will need to be rescheduled','It will include an awards ceremony.','It is a decision he cannot make alone.',NULL,7,'What does Mr. Darville indicate about the plan for his companys celebration?',4),(318,NULL,NULL,NULL,NULL,NULL,'In the Bougainvillea Room','Read the passage and choose the correct answer:',107,'image27.png','In the Alameda Room','In the Bougainvillea Room','In the Tamarind Room','In the Waterfall Room',NULL,7,'Where will the company\'s anniversary celebration most likely be held?',4),(319,NULL,NULL,NULL,NULL,NULL,'A venue that he likes might be reserved by another group','Read the passage and choose the correct answer:',107,'image27.png','Not enough people have responded to an invitation','He thinks that a different venue might cost less','A venue that he likes might be reserved by another group','He has not been able to secure entertainment',NULL,7,'Why is Mr. Darville concerned?',4),(320,NULL,NULL,NULL,NULL,NULL,'On August 23','Read the passage and choose the correct answer:',107,'image27.png','On July 10','On July 15','On August 5','On August 23',NULL,7,'When will Nassau Telecommunications celebration most likely take place?',4);
/*!40000 ALTER TABLE `exam_question` ENABLE KEYS */;
UNLOCK TABLES;

--
-- Table structure for table `grammar`
--

DROP TABLE IF EXISTS `grammar`;
/*!40101 SET @saved_cs_client     = @@character_set_client */;
/*!50503 SET character_set_client = utf8mb4 */;
CREATE TABLE `grammar` (
  `id` bigint NOT NULL AUTO_INCREMENT,
  `created_at` datetime(6) DEFAULT NULL,
  `created_by` varchar(255) DEFAULT NULL,
  `updated_at` datetime(6) DEFAULT NULL,
  `updated_by` varchar(255) DEFAULT NULL,
  `content` text,
  `image_inside` varchar(255) DEFAULT NULL,
  `image_outside` varchar(255) DEFAULT NULL,
  `name` varchar(255) DEFAULT NULL,
  `short_description` varchar(255) DEFAULT NULL,
  PRIMARY KEY (`id`)
) ENGINE=InnoDB AUTO_INCREMENT=25 DEFAULT CHARSET=utf8mb4 COLLATE=utf8mb4_0900_ai_ci;
/*!40101 SET character_set_client = @saved_cs_client */;

--
-- Dumping data for table `grammar`
--

LOCK TABLES `grammar` WRITE;
/*!40000 ALTER TABLE `grammar` DISABLE KEYS */;
INSERT INTO `grammar` VALUES (1,NULL,NULL,'2022-04-20 15:31:14.735000','admin','<p><h2>1. Cch dng</h2></p>  <p>Th hin ti n c s dng trong cc trng hp sau:</p><p></p><p>Dng  din t thi quen hoc nhng vic thng xuyn xy ra  hin ti</p><p>V d: We go to school every day.  (Ti i hc mi ngy) </p><p></p><p>Dng  din t nhng s vt, s vic xy ra mang tnh quy lut</p><p>V d:  This festival occur every 3 years. (L hi ny din ra 3 nm mt ln.)</p><p></p><p>Dng  din t cc s tht hin nhin, mt chn l, cc phong tc tp qun, cc hin tng t nhin.</p><p>V d: The earth moves around the Sun. (Tri t quay quanh mt tri)</p><p></p><p>Dng  din t lch trnh ca tu, xe, my bay,</p><p>V d: The train leaves at 8 am tomorrow. (Tu khi hnh lc 8 gi sng mai.)</p><p></p><p><h2>2. Cu trc</h2></p><p>Mt s cu trc ca th hin ti n cn ghi nh:</p><p></p><p><b>ng t thng: </b></p><p>(+) Khng nh: S + V (s,es) + O</p><p></p><p>(-) Ph nh: S + don\'t/doesn\'t + V + O</p><p></p><p>(?) Cu hi: Do/Does + S + V + O?</p><p></p><p>         Wh - question + Do/Does + S + V + O?</p><p></p><p><b>ng t Tobe: </b></p><p>(+) Khng nh: S + is/are/am + Adj/Adv/N</p><p></p><p>(-) Ph nh: S + isn\'t/aren\'t/amn\'t + Adj/Adv/N</p><p></p><p>(?) Cu hi: Is/are/am + S + Adj/Adv/N?</p><p></p><p>                 Wh-question + Is/are/am + S?</p><p></p><p>Gii thch k hiu: Xem chi tit</p><p></p><p><b>Lu : </b></p><p>Tr ng t \"Do\" s i vi cc ch ng s nhiu: I, you, we, they....</p><p>Tr ng t \"Does\" s i vi cc ch ng s t: He, She, It, Tn ring...</p><p>ng t tobe \"Am\" s i vi ch ng: I</p><p>ng t tobe \"Are\" s i vi ch ng s nhiu: You, we, they...</p><p>ng t  tobe \"Is\" s i vi ch ng s t: She, he, it, tn ring...</p><p>ng t thng V khi i vi ch ng s nhiu (I, you, we, they...) th gi nguyn th</p><p>ex: I go to school</p><p></p><p>ng t thng V khi i vi ch ng s t (She, he, it, tn ring...) th thm \"s/es\"</p><p>V d: She goes to school/He eats cake</p><p></p><p><h2>3. Cch nhn bit</h2></p><p>Khi trong cu c xut hin cc ph t sau, th cc bn s vn dng cu trc ca th hin ti n:</p><p></p><p>Always (lun lun) , usually (thng xuyn), often (thng xuyn), frequently (thng xuyn) , sometimes (thnh thong), seldom (him khi), rarely (him khi), hardly (him khi) , never (khng bao gi), generally (nhn chung), regularly (thng xuyn).</p><p>Every day, every week, every month, every year,. (Mi ngy, mi tun, mi thng, mi nm)</p><p>Once/ twice/ three times/ four times.. a day/ week/ month/ year,. (mt ln / hai ln/ ba ln/ bn ln ..mt ngy/ tun/ thng/ nm)</p><p><h2>4. BI TP V HNG DN GII</h2></p><p><b>Bi 1: in tr ng t: </b></p><p></p><p>I don\'t. like milk.</p><p>She . play volleyball in the afternoon.</p><p>He . go to bed at midnight.</p><p>They.do the homework on weekends.</p><p>The bus .arrive at 8.30 a.m</p><p><b>Bi 2: Chn dng ng ca t</b></p><p></p><p>He catch/catches robbers.</p><p>My mother is a driver. She always wear/wears a white coat.</p><p>They never drink/drinks beer.</p><p>Michel go/goes window shopping seven times a month.</p><p>She have/has a book.</p><p> <b>Bi 3: Vit li cu hon chnh</b></p><p></p><p>Eg: They / wear suits to work? =>Do they wear suits to work?</p><p></p><p>I / not / sleep late at the weekends =>________</p><p>we / not / believe the Prime Minister =>________</p><p>you / understand the question? =>________</p><p>they / not / work late on Thusday  =>________</p><p>Your friends / want some coffee? =>________</p><p><b> Bi 4: in dng ng ca t trong ngoc</b></p><p></p><p>he (not study) . on Sunday.</p><p>she (have) . a new T-shirt today.</p><p>I usually (have) .breakfast at 6.00 a.m.</p><p>Peter (not/ study).very hard. He never gets high scores.</p><p>My mother often (teach).me English on Saturday.</p>','PRESENT-SIMPLE-1-1.jpg','present_simple.png','Th hin ti n Present Simple','Bi vit ny s cung cp cho cc bn ton b kin thc l thuyt lin quan n th hin ti n. V c nhng bi tp vn dng  gip cc bn d ghi nh, d thuc, t im s cao hn trong cc bi kim tra.'),(2,NULL,NULL,'2022-04-20 15:35:10.632000','admin','<p><h2>1. Cu trc</h2></p><p>Mt s cu trc c s dng trong th hin ti tip din:</p><p></p><p>(+) Khng nh: S + am/ is/ are + V-ing</p><p></p><p>(-) Ph nh: S + am/ is/ are + not + V-ing</p><p></p><p>(?) Cu hi yes/no: Am/ Is/ Are + S + V-ing   ?</p><p></p><p>- Yes, I + am</p><p></p><p>- Yes, he/ she/ it + is.</p><p></p><p>-Yes, we/ you/ they + are</p><p></p><p>- No, I + am not</p><p></p><p>- No, he/ she/ it + isnt</p><p></p><p>- No, we/ you/ they + arent.</p><p></p><p>(?) Cu hi Wh - question: Wh - question + Is/are/am + S + V-ing?</p><p></p><p>Gii thch k hiu: Xem chi tit</p><p></p><p><b>Lu </b></p><p>ng t tobe \"Am\" s i vi ch ng: I</p><p>ng t tobe \"Are\" s i vi ch ng s nhiu: You, we, they...</p><p>ng t  tobe \"Is\" s i vi ch ng s t: She, he, it, tn ring...</p><p>Khi ph nh: Isn\'t, Aren\'t, Am not</p><p>Quy tc thm ing sau ng t: Thng thng ta ch cn cng thm -ing vo sau ng t.</p><p>Nhng c mt s ch :</p><p></p><p>Vi ng t tn cng l MT ch e: Ta b e ri thm -ing.</p><p></p><p>Vi ng t c MT m tit, tn cng l MT PH M, trc l MT NGUYN M: Ta nhn i ph m cui ri thm -ing.</p><p></p><p></p><p> </p><p>Vi ng t tn cng l ie: Ta i ie thnh y ri thm -ing.</p><p></p><p><h2>2. Cch dng</h2></p><p>Th hin ti tip din c s dng trong cc trng hp sau:</p><p></p><p>Din t mt hnh ng ang xy ra ngay ti thi im ni.</p><p>V d: I am looking for a new job. (Ti ang tm kim mt cng vic mi.) Ta hiu t ngay ti lc ni ngi ni ang khng i np h s hay  tm vic m trong thi gian  (c th bt u trc  c thng) ngi ni ang tm kim mt cng vic. Nhng khi mun ni chung chung rng iu g ang xy ra xung quanh thi im  ta cng s dng th hin ti tip din.</p><p></p><p>Din t mt s vic s xy ra trong tng lai theo mt k hoch  c ln lch c nh.</p><p>V d: I bought the ticket yesterday. I am flying to New York tomorrow. Ta thy c cn c, k hoch r rng (ti  mua v my bay) nn ta s dng th hin ti tip din  ni v mt vic chc chn s xy ra trong tng lai.</p><p></p><p>Din t mt hnh ng ang xy ra ngay ti thi im ni.</p><p>V d: We are studying Maths now. (By gi chng ti ang hc ton) Ta thy ti thi im ni (by gi) th vic hc ton ang din ra nn ta s dng th hin ti tip din  din t.</p><p></p><p>Din t s khng hi lng hay phn nn v vic g trong cu s dng always. </p><p>V d: She always goes to school at 6.30 am. (C y lun i hc vo lc 6h30). Nhng khi mun din t s kh chu hay mun phn nn v iu g ta s dng th hin ti tip din  ni.)</p><p></p><p><h2>3. Du hiu nhn bit</h2></p><p>Khi trong cu xut hin cc t sau, chng ta chia  th hin ti tip din:</p><p></p><p>Trong cu c cc trng t ch thi gian:</p><p> Now: by gi, Right now: Ngay by gi, At the moment: lc ny, At present: hin ti, At + gi c th (at 12 olock)</p><p></p><p>Trong cu c cc ng t nh:</p><p>Look! (Nhn ka!) - Listen! (Hy nghe ny!) - Keep silent! (Hy im lng) V d: - Now my sister is going shopping with my mother. (By gi em gi ti ang i mua sm vi m ca ti.) - Look! The train is coming. (Nhn kia! tu ang n.) - Listen! Someone is crying. (Nghe ny! Ai  ang khc.) - Keep silent! The baby is sleeping. (Hy im lng! Em b ang ng.)</p><p><h2>4. Bi tp vn dng</h2></p><p><b>Bi 1: Vit li cu cho ng: </b></p><p></p><p>1. (she/ go to school now)</p><p></p><p>2. (I/ read a science book)</p><p></p><p>3. (she/ not/ wash her hand)</p><p></p><p>4. (the cat/ chase mice?)</p><p></p<p>5. (she/ cry?)</p><p></p><p>6. (he/ not/ study English)</p><p></p><p>7. (we/ drive to Ha Noi city?)</p><p></p><p>8. (they/ watch TV?)</p><p></p><p>9. (where/ she/ go now?)</p><p></p><p>10. (I/ not/ leave home now)</p><p></p><p><b>Bi 2: Chia ng t ng trong cc cu sau</b></p><p></p><p>1. It (get)....... dark. Shall I turn on the light?</p><p></p><p>2. They don\'t have any where to live at the moment. They(stay)...... with their uncle until they find somewhere.</p><p></p><p></p><p> </p><p>3. Why are all these people here? What (happen)..........?</p><p></p><p>4. Where is your mother? She........ (watch) TV in the living room.</p><p></p><p>5. The student (not, learn)..... in class at present</p><p></p><p>6. Some people (not drink)............ tea now.</p><p></p><p>7. At present, he (compose)............ a piece of music for his wife</p><p></p><p>8. We (have)............. dinner in a beautiful resataurant right now</p><p></p><p>9.  Keep silent! You (talk) ............. so loudly.</p><p></p><p>10. Look! The car (go) .....  so fast.</p><p></p><p><b>Bi 3: Vit li cu vi cc gi  sau</b></p><p></p><p>1. My/ father/ water/ some plants/ the/ garden.</p><p></p><p>2. My/ mother/ clean/ floor/.</p><p></p><p>3. Mary/ have/ lunch/ her/ friends/ a/ restaurant.</p><p></p><p>4. They/ ask/ a/ man/ about/ the/ way/ the/ rainway/ station.</p><p></p><p>5. My/ student/ draw/ a/ beautiful/ picture</p>','7.1.jpg','Present Progressive.jpg','Th hin ti tip din Present Progressive','Bi vit ny s cung cp cho cc bn ton b kin thc l thuyt lin quan n th hin ti tip din. V c nhng bi tp vn dng  gip cc bn d ghi nh, d thuc, t im s cao hn trong cc bi kim tra.'),(3,NULL,NULL,NULL,NULL,'<p><h2>1. Cu trc</h2></p><p>Vi th hin ti hon thnh, chng ta s s dng nhng cu trc sau:</p><p></p><p>(+) Khng nh: S + have/has + Vp2 + O</p><p></p><p>(-) Ph nh: S + haven\'t/ hasn\'t + Vp2 + O</p><p></p><p>(?) Cu hi yes/no: Have/has + S + Vp2 + O</p><p></p><p>Tr li: Yes, S + have/has, No + haven\'t/hasn\'t</p><p></p><p>(?) Cu hi Wh-question: Wh-question + have/has + S + Vp2</p><p></p><p>Gii thch k hiu: Xem chi tit</p><p></p><p><b>Lu </b></p><p> Vp2: ng t qu kh phn t (C quy tc  th thm ed sau V, Bt quy tc:  ct th 3 t tri sang trong bng ng t bt quy tc)</p><p></p><p>Tr ng t have i vi cc ch ng s nhiu: I, you, we, they...</p><p>Tr ng t has i vi cc ch ng s t: It, she, he, tn ring...</p><p>Phn bit tr ng t have/has vi ng t have (c)</p><p><h2>2. Cch dng</h2></p><p>Chng ta s dng th hin ti hon thnh trong cc trng hp sau:</p><p></p><p>Hnh ng  hon thnh cho ti thi im hin ti m khng  cp ti n xy ra khi no.</p><p>V d : Ive done all my homeworks / Ti  lm ht bi tp v nh</p><p></p><p>Hnh ng bt u  qu kh v ang tip tc  hin ti :</p><p>V d : She has lived in Liverpool all her life/ C y  sng c i  Liverpool.</p><p></p><p>Hnh ng  tng lm trc y v by gi vn cn lm</p><p>V d: He has written three books and he is working on another book/ Anh y  vit c 3 cun sch v ang vit cun tip theo</p><p></p><p>Mt kinh nghim cho ti thi im hin ti (thng dng trng t ever)</p><p>V d : My last birthday was the best day Ive ever had./ Sinh nht nm ngoi l ngy tuyt nht i ti.</p><p></p><p>V mt hnh ng trong qu kh nhng quan trng ti thi im ni</p><p>V d : I cant get my house. Ive lost my keys. /Ti khng th vo nh c. Ti nh mt chm cha kha ca mnh ri. </p><p></p><p><h2>3. Cch nhn bit</h2></p><p>Khi trong cu xut hin cc du hiu sau, ta chia  th hin ti hon thnh:</p><p></p><p>Just, recently, lately: gn y, va mi</p><p></p><p>already: ri</p><p></p><p>before: trc y</p><p></p><p>ever:  tng</p><p></p><p>never: cha tng, khng bao gi</p><p></p><p>for + N  qung thi gian: trong khong (for a year, for a long time, )</p><p></p><p>since + N  mc/im thi gian: t khi (since 1992, since June, )</p><p></p><p>yet: cha (dng trong cu ph nh v cu hi)</p><p></p><p>so far = until now = up to now = up to the present: cho n by gi</p><p></p><p><h2>4. Bi tp vn dng</h2></p><p><b>Bi 1: Chia cc ng t</b></p><p></p><p>I ( not work) today.</p><p>We (buy)..a new lamp.</p><p>We (not / plan)..our holiday yet.</p><p>Where (be / you) ?</p><p>He (write)..five letters.</p><p>She (not / see)..him for a long time.</p><p>(be / you)..at school?</p><p>School (not / start)..yet.</p><p>(speak / he)..to his boss?</p><p>No, he (have / not)..the time yet.</p><p><b>Bi 2: Vit li cu</b></p><p></p><p>I (work) very hard for this exam.</p><p>I (live) here since 1970.</p><p>You (be) to the zoo?</p><p>I\'m afraid you (look) at the wrong one.</p><p>Why are the police here? What (happen)!</p>','jAV4MCV5yyDc9v06.png','present-perfect.jpg','Th hin ti hon thnh Present Perfect','Bi vit ny s cung cp ton b kin thc l thuyt lin quan n th hin ti hon thnh. V c nhng bi tp vn dng  gip cc bn d ghi nh, d thuc, t im s cao hn trong cc bi kim tra.'),(4,NULL,NULL,'2022-04-20 15:36:23.913000','admin','<p><h2>1. Cch dng</h2></p> <p>Chng ta s s dng th qu kh n trong nhng trng hp sau:</p><p></p><p>Dng  din t mt hnh ng  xy ra v kt thc trong qu kh.</p><p>V d: They went to the concert last night. (H  ti rp ht ti hm qua.)</p><p></p><p>Din t mt s vic xy ra trong mt khong thi gian trong qu kh v  kt thc hon ton  hin ti</p><p>V d: When I was young, I often played soccer (Khi ti cn tr, ti thng chi  bng)</p><p></p<p> Din t mt lot hnh ng xy ra k tip nhau trong qu kh</p><p>V d: She came home, switched on the computer and checked information</p><p>(C y v nh, khi ng my tnh v kim tra hp th in t ca mnh)</p><p></p><p>Din t mt hnh ng chen ngang vo hnh ng khc ang xy ra trong qu kh (qu kh n dng kt hp vi qu kh tip din)</p><p>V d: When I was reading book, my dad called me (Khi ti ang c sch, b ti  gi)</p><p></p><p><h2>2. Cu trc</h2></p><p>Sau y l cu trc ca th qu kh n:</p><p></p><p><b>a. Vi ng t thng</b></p><p></p><p>(+) Khng nh: S + V-ed/P1 + O</p><p>(-) Ph nh: S + didn\'t + V + O</p><p>(?) Hi:</p><p>Wh-question + did + S + V?</p><p>Did + S + V...? Yes/No, S + did/didn\'t</p><p><b>b. Vi ng t tobe</b></p><p></p><p>(+) Khng nh: S + was/were + Adj/N</p><p>(-) Ph nh: S + wasn\'t/ weren\'t + Adj/N</p><p>(?) Hi:</p><p>Wh question + was/were + S?</p><p> Was/were + S + Adj/N?</p><p>Gii thch k hiu: Xem chi tit</p><p></p><p><b>c. Lu : </b></p><p></p><p>P1: ng t chia  th qu kh, ct th 2 trong bng ng t bt quy tc. Cn li thm -ed</p><p>ng t tobe \"was\" i vi cc ch ng s t: She,he, it, tn ring...</p><p>ng t tobe \"were\" i vi cc ch ng s nhiu : you, we, they...</p><p><h2>3. Du hiu nhn bit</h2></p><p>Khi trong cu xut hin cc du hiu sau, ta chia  th qu kh n:</p><p></p><p>Th qu kh n thng xut hin trong cu c nhng t sau y: yesterday, ago, finally, at last, in the last centyry, in the past, last(week, month, year), in (2013, June), in the (2000, 1970s), from (March) to (April), </p><p>Ngoi ra bn nn ch  n cc t ch thi gian qu kh khc v ng cnh ca cu ni.</p><p><h2>4. Bi tp vn dng</h2></p><p><b>Bi tp 1: Vit li cu</b></p><p></p><p>1. It/ be/ cloudy/ yesterday.</p><p></p><p>2. In 1990/ we/ move/ to another city.</p><p></p><p>3. When/ you/ get/ the first gift?</p><p></p><p>4.She/ not/ go/ to the church/ five days ago.</p><p></p><p>5. How/ be/ he/ yesterday?</p><p></p><p>6. and Mrs. James/ come back home/ and/ have/ lunch/ late/ last night?</p><p></p><p>7. They/ happy/ last holiday ?</p><p></p><p>8. How/ you/ get there?</p><p></p><p>9. I/ play/ football/ last/ Sunday.</p><p></p><p>10. My/ mother/ make/ two/ cake/ four/ day/ ago.</p><p></p><p><b>Bi tp 2: Chia dng ng ca t</b></p><p></p><p>       Snow White was the daughter of a beautiful queen, who died when the girl (be)1........... young. Her father (marry)2.............again, but the girls stepmother was very jealous of her because she was so beautiful. The evil queen (order)3.............a hunter to kill Snow White but he couldnt do it because she was so lovely. He (chase)4.............her away instead, and she (take)5.............refuge with seven dwarfs in their house in the forest. She (live)6.............with the dwarfs and took care of them and they (love)7.............her dearly. Then one day the talking mirror (tell)8.............the evil queen that Snow White was still alive. She (change)9.............herself into a witch and (make)10.............a poisoned apple. She (go)11.............to the dwarfs house disguised as an old woman and tempted Snow White to eat the poisoned apple, which (put)12.............her into an everlasting sleep. Finally, a prince (find)13.............her in the glass coffin where the dwarfs had put her and woke her up with a kiss. Snow White and the prince (be)14.............married and lived happily ever after.</p>','bGe4B8E1FP15rC6t.jpeg','grammar-games-thumbnail-past-simple-sentences.jpg','Th qu kh n Past simple','Bi vit cung cp cho bn y  kin thc v th qu kh n, gip cc bn d dng ghi nh nhanh chng  vn dng trong giao tip hoc t im ti a khi lm cc bi kim tra.'),(10,NULL,NULL,NULL,NULL,'<p><h2>1. Cu trc</h2></p><p>Sau y l mt s cu trc lin quan n th qu kh tip din:</p><p></p><p>(+) Khng nh: S + was/were + V-ing +O</p><p>(-) Ph nh: S + wasn\'t/weren\'t + V-ing + O</p><p>(?) Hi  Wh - question:  Wh - question + was/were + S + V-ing?</p><p>(?) Hi Yes/no question: Was/Were + S + Ving...? -> Yes/No, S + was/were (not)</p><p>Gii thch k hiu: Xem chi tit</p><p></p><p><b>Lu :</b></p><p></p><p>Tobe \'was\' i vi cc ch ng s t nh: he, she, it, tn ring...</p><p>Tobe \'were\' i vi cc ch ng s nhiu nh: they, we, you...</p><p>c bit: Ch ng I i vi tobe \'was\'</p><p><h2>2. Cch dng</h2></p><p>Th qu kh tip din m t mt hnh ng ang din tin ti mt thi im c th trong qu kh</p><p>Chng ta thng s dng th qu kh tip din vi chc nng ny nu c s xut hin ca: When, all day, all the morning, at this time + khong thi gian,</p><p></p><p>V d: When I left home, my mother was cleaning my house</p><p></p><p> Hnh ng ang din tin lin tc trong mt khong thi gian nhm nhn mnh tnh lin tc ca n</p><p>V d: I was singing all day yesterday (Ti  ht lin tc trong ngy hm qua)</p><p></p><p>Mt hnh ng ang din ra trong qu kh th c hnh ng khc xen vo</p><p>Hnh ng ang din ra th dng th qu kh tip din, hnh ng xen vo th dng th qu kh n</p><p>V d: I was walking in the park when I suddenly fell over (Ti ang i b trong cng vin th bt ng vp ng)</p><p></p><p>Hai hnh ng xy ra ng thi trong qu kh</p><p>Chia c hai hnh ng  th qu kh tip din</p><p>V d: While I was cooking, my father was having shower (Trong khi ti nu n th b ti ang tm)</p><p></p><p>Hnh ng lp i lp li trong qu kh v lm phin n ngi khc</p><p>V d: When she worked here, she was always making noise (Khi c ta cn lm vic  y, c ta thng xuyn lm n)</p><p><h2>3. Du hiu nhn bit</h2></p><p>Ngoi vic da vo cch dng ca th Qu kh tip din, ng cnh ca cu th cc bn cng hy cn nhc s dng th Qu kh tip din khi c xut hin cc t nh:</p><p></p><p> While (trong khi)</p><p>When (khi)</p><p>At that time (vo thi im );</p><p>V d: At that time, I was looking for Forever book on the bookstore near my house</p><p>(Vo thi im , ti ang tm cun sch Forever  hiu sch gn nh)</p><p></p><p><h2>4. Bi tp vn dng</h2></p><p><b>Bi tp 1: Chia ng t  th qu kh tip din</b></p><p></p><p>I ___________________down the street when it begin to rain (go)</p><p>At this time last year, I ___________________an English course (attend)</p><p>Jim ________________ under the tree when he heard an explosion (stand)</p><p>The boy fell and hurt himself while he _________________ a bicycle (ride)</p><p>When we met them last year, they______________ in Santiago (live)</p><p>The tourist lost his camera while he________________ around the city (walk)</p><p>The lorry _______________ very fast when it hit our car (go)</p><p>While I ____________________in my room, my roommate ___________________ a party in the other room (study/ have)</p><p>Mary and I___________________ the house when the telephone rang (just leave)</p><p>We __________________ in the caf when they saw us (sit)</p><p><b>Bi tp 2: Chia ng t trong ngoc </b></p><p></p><p>     1. At this time last year, they (build) this house.</p><p></p><p>     2. I (drive) my car very fast when you called me.</p><p></p><p>     3. I (chat) with my friends while my teacher (teach) the lesson yesterday.</p><p></p><p>     4. My father (watch) TV when I got home.</p><p></p><p>     5. At this time yesterday, I (prepare) for my son\'s birthday party.</p><p></p><p>     6. What you (do) at 8 pm yesterday?</p><p></p><p>     7. Where you (go) when I saw you last weekend?</p><p></p><p>     8. They (not go) to school when I met them yesterday.</p><p></p><p>     9. My mother (not do) the housework when my father came home.</p><p></p><p>    10. My sister (read) books while my brother (play) football yesterday afternoon.</p>','qua-khu-tiep-dien.jpg','Past-continuous.png','Th qu kh tip din Past continuous','Bi vit s cung cp cho cc bn ton b kin thc lin quan n th qu kh tip din. Vi cch trnh by ngn gn d hiu, cc bn c th nh mt cch d dng  lm tt cc bi kim tra cng nh vt qua cc k thi t im cao.'),(11,NULL,NULL,NULL,NULL,'<p><h2>1. Cu trc</h2></p><p>Di y l mt s cu trc ca th qu kh hon thnh:</p><p></p><p>(+) Khng nh: S + had + V-P2</p><p>(-) Ph nh: S + hadn\'t (had not) + V-P2</p><p>(?) Cu hi: Had + S + V-P2? -> Yes/No, S + had/hadn\'t</p><p>Gii thch k hiu: Xem chi tit</p><p></p><p><b>Lu : </b></p>  <p></p><p>V-P2 l ng t qu kh phn t 2. Nu l ng t bt quy tc th  ct 3 trong bng ng t bt quy tc. Nu l ng t c quy tc th thm -ed</p><p>Phn bit tr ng t  qu kh hon thnh \'had\' # ng t qu kh ca ng t thng have -> VP2: had (c)</p><p><h2>2. Cch dng</h2></p><p>Chng ta s s dng th qu kh hon thnh trong cc trng hp sau:</p><p></p><p>Khi c mt hnh ng xy ra v hon thnh trc mt hnh ng khc trong qu kh</p><p> Trong cu thng c 2 v, hnh ng no xy ra trc th dng qu kh hon thnh, hnh ng no xy ra sau th dng qu kh n</p><p> V d: He had gone to school before Sarah came</p><p></p><p>Hnh ng xy ra mt khong thi gian trong qu kh, trc mt mc thi gian khc</p><p>V d: I had lived abroad for three years when I received the letter from my best friend. (Ti  sng  nc ngoi c hai nm trc khi nhn c th t bn thn)</p><p></p><p> Hnh ng xy ra nh l iu kin tin quyt cho hnh ng khc</p><p>V d: My younger brother had prepared for the exams and was ready to do well. (Em trai ti  chun b k cng cho bi kim tra v sn sng  lm tt)</p><p></p><p><b>Lu : </b> So snh th Qu Kh Hon Thnh v th Qu Kh n</p><p></p><p></p><p> </p><p>Mt s bn ang cm thy kh khn khi phn bit th qu kh hon thnh v th qu kh n v c hai th ny u xy ra v kt thc trong qu kh, nhng hy nhn v d sau y, n s gip bn phn bit c hai th ny:</p><p>V d 1: </p><p></p><p>Was Hoa at the party when you arrived? (Hoa c  bui tic khi bn ti khng?)</p><p>No, he had already gone home. (Khng, anh y  v nh ri)</p><p></p><p>V d 2:</p><p>Was Tom there when you arrived? (Lc bn n Tom cn   khng?)</p><p>Yes, but he went home soon afterward. (C, nhng m ngay sau  anh ta v nh)</p><p></p><p><h2>3. Du hiu nhn bit</h2></p><p>Th qu kh hon thnh c s dng khi xut hin cc du hiu sau:</p><p></p><p>Chng ta thng s dng th qu kh hon thnh khi trong cu c cc t ni nh: before, after, just, when, as soon as, by the time, until, by the end of + time in the past </p><p>Cn li ph thuc vo cch dng ca th qu kh hon thnh  nu  trn, th mi nhn bit c.</p><p><h2>4. Bi tp vn dng</h2></p><p><b>Bi tp 1: Chia ng t ph hp</b></p><p></p><p>1. They (go) ..home after they (finish)  their work.</p><p></p><p>2. She said that she (already, see) . Dr. Rice.</p><p></p><p></p><p> </p><p>3. After taking a bath, he (go) .. to bed.</p><p></p><p>4. He told me he (not/eat)  such kind of food before.</p><p></p><p>5. When he came to the stadium, the match (already/ begin) .</p><p></p><p>6. Before she (watch) .. TV, she (do). homework.</p><p></p><p>7. What (be) .. he when he (be) . young?</p><p></p><p>8. After they (go) , I (sit) .. down and (rest) </p><p></p><p>9. Yesterday, John (go) .. to the store before he (go)  home.</p><p></p><p>10. She (win) . the gold medal in 1986.</p><p></p><p><b>Bi tp 2: Vit li cu sao cho ngha khng i, s dng t gi  cho sn. </b></p><p></p><p>1. David had gone home before we arrived.</p><p></p><p>-> After .</p><p></p><p>2. We had lunch then we took a look around the shops.</p><p></p><p>-> Before </p><p></p><p>3. The light had gone out before we got out of the office.</p><p></p><p>->When.</p><p></p><p>4. After she had explained everything clearly, we started our work.</p><p></p><p>-> By the time .</p><p></p><p>5. My father had watered all the plants in the garden by the time my mother came home.</p><p></p><p>-> Before .</p>','Th-qu-kh-hon-thnh-trong-ting-Anh.jpg','images.png','Th qu kh hon thnh Past perfect','Qu kh hon thnh l mt th kh v d nhm ln nht trong tt c cc th. Bi vit ny s gip cc bn d dng nh c cch dng, cu trc, cc du hiu nhn bit ca n.  vn dng vo lm bi tp, lm bi kim tra t im ti a.'),(12,NULL,NULL,'2022-04-20 15:37:45.235000','admin','<p><h2>1. Cu trc</h2></p><p>Sau y l mt s cu trc dng trong th tng lai n cn ghi nh:</p><p></p><p>(+) Khng nh: S + will + V nguyn th</p><p>(-) Ph nh: S + will not (won\'t) + V nguyn th</p><p>(?) Hi: Will + S + V nguyn th? -> Yes/No, S + will/ won\'t</p><p>Gii thch k hiu: Xem thm</p><p></p><p><b>Lu : </b></p>  <p></p><p>will not = won\'t</p><p>I will = I\'ll, You will = You\'ll, He will = He\'ll, She will = She\'ll, They will= they\'ll, we will = we\'ll...</p><p><h2>2. Cch dng</h2></p><p>Trong nhng trng hp sau, chng ta s chia  th hin ti n:</p><p></p><p>Din t mt quyt nh, mt  nh nht thi ny ra ngay ti thi im ni.</p><p>V d: Are you going to the park now? - I will go with you. (By gi bn ang ti cng vin ? T s i vi bn.)</p><p></p><p>(Ta thy quyt nh i ti cng vin c quyt nh ti thi im ni khi ch ng I gp ngi bn)</p><p></p><p>Din t mt d on khng c cn c. </p><p>V d: I think she will come to the party. (Ti ngh rng c y s ti ba tic.)</p><p></p><p>(D on rng c y s ti ba tic khng h c cn c no c)</p><p></p><p>Din t mt li ha hay li yu cu,  ngh.</p><p>V d: I promise that I will tell you the truth. (Ti ha l ti s ni vi bn s tht.)</p><p></p><p>S dng trong cu iu kin loi mt, din t mt gi nh c th xy ra  hin ti v tng lai.</p><p>V d: If she comes, I will go with her. (Nu c y n, ti s i vi c y.)</p><p></p><p>(Ta thy vic c y n hon ton c th xy ra nn ta s dng cu iu kin loi I  din t v mnh  chnh ta s dng th tng lai n.)</p><p></p><p><h2>3. Du hiu nhn bit</h2></p><p></p><p>Cc bn s dng th tng lai n khi xut hin cc du hiu sau:</p><p></p><p>C cc trng t ch thi gian trong tng lai:</p><p>in + thi gian: trong  na (in 2 minutes: trong 2 pht na)</p><p>tomorrow: ngy mai</p><p>Next day: ngy hm ti</p><p>Next week/ next month/ next year: Tun ti/ thng ti/ nm ti</p><p>C nhng ng t ch quan im nh:</p><p>think/ believe/ suppose/ : ngh/ tin/ cho l</p><p>perhaps: c l</p><p>probably: c l</p><p><h2>4. Bi tp vn dng</h2></p><p><b>Bi tp 1: Chia ng t trong ngoc</b></p><p></p><p>1. They (do) it for you tomorrow.</p><p></p><p>2. My father (call) you in 5 minutes.</p><p></p><p>3. We believe that she (recover) from her illness soon.</p><p></p><p>4.  I promise I (return) school on time.</p><p></p><p><b>Bi tp 2: Dng t gi  vit thnh cu hon chnh. </b></p><p></p><p>1. She/ hope/ that/ Mary/ come/ party/ tonight.</p><p></p><p>2. I/ finish/ my report/ 2 days.</p><p></p><p>3. If/ you/ not/ study/ hard/,/ you/ not/ pass/ final/ exam.</p><p></p><p>4. You/ look/ tired,/ so/ I/ bring/ you/ something/ eat.</p><p></p><p>5. you/ please/ give/ me/ lift/ station?</p>','the-simple-future-tense-4.jpg','Simple.png','Th tng lai n Future Simple','Bi vit s cung cp cho cc bn nhng kin thc lin quan n th tng lai n. Chng ta c th d dng ghi nh  vn dng lm bi tp, t im cao trong cc k thi.'),(13,NULL,NULL,'2022-04-20 15:38:05.761000','admin','<p><h2>1. Cu trc</h2></p> <p>Di y l mt s cu trc c vn dng trong th tng lai tip din:</p><p></p><p>(+) Khng nh: S + will + be + V-ing</p><p>(-) Ph nh: S + won\'t + be + V-ing</p><p>(?) Hi: Will + S + be + V-ing? -> Yes/No, S + will/ won\'t</p><p>Gii thch k hiu: Xem thm</p><p></p><p><b>Lu : </b></p><p></p><p>won\'t = will not</p><p>Khi thm ui -ing vo sau ng t cn nh mt s nguyn tc sau: </p><p><b>Vi ng t tn cng l MT ch e: </b></p><p></p><p>- Ta b e ri thm -ing.</p><p></p><p>- Tn cng l HAI CH e ta khng b e m vn thm -ing bnh thng.</p><p></p><p><b>Vi ng t c MT m tit, tn cng l MT PH M, trc l MT NGUYN M</b></p><p></p><p>- Ta nhn i ph m cui ri thm -ing</p><p></p><p>Cc trng hp ngoi l:</p><p></p><p>beggin  beginning               travel  travelling                </p><p></p><p>prefer  preferring              permit  permitting</p><p></p><p><b>Vi ng t tn cng l ie </b></p><p></p><p>- Ta i ie thnh y ri thm -ing.</p><p></p><p>V d:             lie  lying                  die  dying</p><p></p><p><h2>2. Cch dng</h2></p><p>Th tng lai tip din c dng trong cc trng hp sau:</p><p></p><p> Din t mt hnh ng s din ra v ko di lin tc trong mt khong thi gian trong tng lai</p><p>V d: My parents are going to aboard, so Ill be staying with my grandma for the next 2 weeks.</p><p>(B m ti s i nc ngoi, nn ti s phi  vi b trong khong 2 tun)</p><p></p><p>Din t hnh ng trong tng lai ang xy ra th mt hnh ng khc xy n</p><p>V d: At this time tomorrow I will be going out with my friend while my younger brother will be doing his homework.</p><p></p><p>(Vo khong gi ny ngy mai ti s i ra ngoi vi bn, trong khi e trai ti s phi lm bi tp v nh ca anh y)</p><p></p><p> Din t hnh ng s xy ra vo mt thi im xc nh hoc mt khong thi gian c th trong tng lai</p><p>V d: At this time next week, I will be flying to Japan. (Vo thi gian ny tun tip, ti s bay n Nht Bn)</p><p></p><p>  Din t mt hnh ng s xy ra nh mt phn ca k hoch hoc nm trong thi gian biu</p><p>V d: The party will be starting at six thirty. (Ba tic s bt u lc 6 gi 30 pht)</p><p></p><p><h2>3. Du hiu nhn bit</h2></p><p>Khi trong cu xut hin cc trng t ch thi gian trong tng lai km theo thi im xc nh, ta chia  th tng lai tip din:</p><p></p><p>- at this time/ at this moment + thi gian trong tng lai: Vo thi im ny .</p><p></p><p></p><p> </p><p>- At + gi c th + thi gian trong tng lai: vo lc ..</p><p></p><p><h2>4. Bi tp vn dng</h2></p><p>Di y l mt s bi tp  bn vn dng cc dng ca th tng lai tip din. V phn bit c th tng lai n v tng lai tip din.</p><p></p><p>Bn c th tham kho bi vit v th tng lai n  di</p><p></p><p>Xem thm </p><p></p><p><b>Bi tp 1: Chia dng ng ca ng t trong ngoc</b></p><p></p><p>They are staying at the hotel in Japan. At this time tomorrow, they (travel) in Korean</p><p>When they (come) tomorrow, we (swim) in the sea.</p><p>My parents (visit) Europe at this time next mont.</p><p>Hoa (sit) on the plane at 9 a.m tomorrow.</p><p>At 8 oclock this evening my friends and I (watch) a film at the cinema.</p><p>She (teach) with her son at 8 oclock tonight.</p><p><b>Bi tp 2: Chn p n ph hp</b></p><p></p><p>1.What a mess! We _____ up here for hours.</p><p></p><p>A.will clear</p><p></p><p>B.will be cleaning</p><p></p><p>2.Next Saturday at this time, we _____ on the beach in Da Nang.</p><p></p><p>A.will relax</p><p></p><p>B.will be relaxing</p><p></p><p>3.You ____ your work before you go out tonight.</p><p></p><p>A.will finish</p><p></p><p>B.will be finishing</p><p></p><p>4.If you need help finding a new house, I ____ you.</p><p></p><p>A.will be helping</p><p></p><p>B.will help</p><p></p><p>5.If you need to reach us, we ____ at the Fairmont Hotel that time.</p><p></p><p>A.will stay</p><p></p><p>B.will be staying</p><p></p><p><b>Bi tp 3: Chia ng t trong ngoc ph hp</b></p><p></p><p>1. (you/wait)______ at the station when she arrives?</p><p></p><p>2. I (drink)_________ at the pub while you are taking your exam!</p><p></p><p></p><p> </p><p>3. (she/visit)________ her Grandmother again this week?</p><p></p><p>4. At 3PM I (watch)__________ that movie on channel four.</p><p></p><p>5. (they/attend)____________ your concert next Friday? It would be lovely to see them.</p>','bbc80e7915a0fc645e1dbaa4aec369e7.jpg','maxresdefault.jpg','Th tng lai tip din Future Progressive','Bi vit s cung cp cho cc bn y  nhng kin thc lin quan n th tng lai tip din. Chng ta c th d dng ghi nh  vn dng lm bi tp, t im cao trong cc k thi.'),(14,NULL,NULL,NULL,NULL,'<p><h2>1. Cu trc</h2></p><p>(+) Khng nh: S + will + have + Vp2</p><p>(-) Ph nh: S + won\'t + have + Vp2</p><p>(?) Hi:  Will + S + have + Vp2? -> Yes/No, S + will/ won\'t.</p><p>Gii thch k hiu: Xem thm</p><p></p><p><b>Lu : </b></p><p></p><p>Phn bit \'have\'  trn # ng t \'have\' (c)</p><p>Vp2 l ng t qu kh bt quy tc  ct 3 trong bng ng t bt quy tc. Hoc l V-ed vi nhng ng t c quy tc.</p><p><h2>2. Cch dng</h2></p><p>Dng  din t mt hnh ng hay s vic hon thnh trc mt thi im trong tng lai.</p><p>V d: I will have finished my homework before 9 oclock this evening.</p><p></p><p>(Cho n trc 9h ti nay ti s hon thnh xong bi tp v nh ri.)</p><p></p><p>Dng  din t mt hnh ng hay s vic hon thnh trc mt hnh ng hay s vic khc trong tng lai:</p><p>Hnh ng, s vic hon thnh trc s chia th tng lai hon thnh.</p><p></p><p>Hnh ng, s vic xy ra sau s chia th hin ti n.</p><p></p><p></p><p> </p><p>V d: I will have made the meal ready before the time you come tomorrow. (Trc khi bn n vo ngy mai, ti  chun b ba n sn sng)</p><p></p><p><h2>3. Du hiu nhn bit</h2></p><p>Chng ta s dng th tng lai hon thnh khi trong cu xut hin cc cm t ch thi gian  tng lai sau:</p><p></p><p>by + thi gian trong tng lai</p><p>by the end of + thi gian trong tng lai</p><p>by the time </p><p>before + thi gian trong tng lai </p><p>V d: by the end of this month (Cui thng ny)</p><p></p><p><h2>4. Bi tp vn dng</h2></p><p>Di y l bi tp gip bn ghi nh th tng lai hon thnh v phn bit vi th tng lai hon thnh tip din. Bn c th xem li kin thc th tng lai hon thnh tip din  di:</p><p></p><p>Xem thm</p><p></p> <p><b>Bi tp 1: Chia cc ng t trong ngoc</b></p><p></p><p>1. By the time you arrive, I (write) the essay.</p><p></p><p>2. By this time tomorrow they (visit) Paris.</p><p></p><p>3. By the year 2012 many people (lose) their jobs.</p><p></p><p>4.I hope they (finish) building the road by the time we come back next summer.</p><p></p><p>5. By 2020, the number of schools in our country (double).</p><p></p><p><b>Bi tp 2: Chn p n ph hp</b></p><p></p><p>a. I hope it ________ (stop) working by 5 o\'clock this afternoon.</p><p></p><p>will have stopped</p><p>will have been stopping</p><p>b. By next month I ______ (leave) for India.</p><p></p><p>will have left</p><p>will have been leaving</p><p>c. The film _______ (end) by the time we get there.</p><p></p><p>will have ended</p><p>will have been ending</p><p>d. They _______ (build) a house by June next year.</p><p></p><p>will have built</p><p>will have been building</p><p>e. I\'m sure they _______ (complete) the new road by September.</p><p></p><p>will have complete</p><p>will have been completing</p>','Cu-trc-th-tng-lai-hon-thnh.png','download.jpg','Th tng lai hon thnh Future Perfect','Bi vit s cung cp cho cc bn y  nhng kin thc lin quan n th tng lai hon thnh. Chng ta c th d dng ghi nh  vn dng  lm bi tp, t im cao trong cc k thi.');
/*!40000 ALTER TABLE `grammar` ENABLE KEYS */;
UNLOCK TABLES;

--
-- Table structure for table `listening`
--

DROP TABLE IF EXISTS `listening`;
/*!40101 SET @saved_cs_client     = @@character_set_client */;
/*!50503 SET character_set_client = utf8mb4 */;
CREATE TABLE `listening` (
  `id` bigint NOT NULL AUTO_INCREMENT,
  `created_at` datetime(6) DEFAULT NULL,
  `created_by` varchar(255) DEFAULT NULL,
  `updated_at` datetime(6) DEFAULT NULL,
  `updated_by` varchar(255) DEFAULT NULL,
  `image` varchar(255) DEFAULT NULL,
  `level` int NOT NULL,
  `name` varchar(255) DEFAULT NULL,
  `part` int NOT NULL,
  `description` varchar(255) DEFAULT NULL,
  PRIMARY KEY (`id`)
) ENGINE=InnoDB AUTO_INCREMENT=13 DEFAULT CHARSET=utf8mb4 COLLATE=utf8mb4_0900_ai_ci;
/*!40101 SET character_set_client = @saved_cs_client */;

--
-- Dumping data for table `listening`
--

LOCK TABLES `listening` WRITE;
/*!40000 ALTER TABLE `listening` DISABLE KEYS */;
INSERT INTO `listening` VALUES (1,NULL,NULL,NULL,NULL,'part1.jpg',2,'M t hnh nh',1,'Look at the picture and listen to the sentences. Choose the sentence that best describes the picture:'),(2,NULL,NULL,NULL,NULL,'part2.jpg',2,'Hi - p',2,'Listen to the question and the three responses. Choose the response that best answers the question:'),(3,NULL,NULL,NULL,NULL,'part3.jpg',2,'on hi thoi',3,'Listen to the dialogue. Then read each question and choose the best answer:'),(4,NULL,NULL,NULL,NULL,'part4.jpg',2,'Bi ni chuyn ngn',4,'Listen to the talk. Then read each question and choose the best answer:'),(5,NULL,NULL,NULL,NULL,'part1.jpg',3,'M t hnh nh',1,'Look at the picture and listen to the sentences. Choose the sentence that best describes the picture:'),(6,NULL,NULL,NULL,NULL,'part1.jpg',1,'M t hnh nh',1,'Look at the picture and listen to the sentences. Choose the sentence that best describes the picture:'),(7,NULL,NULL,NULL,NULL,'part2.jpg',3,'Hi - p',2,'Listen to the question and the three responses. Choose the response that best answers the question:'),(8,NULL,NULL,NULL,NULL,'part2.jpg',1,'Hi - p',2,'Listen to the question and the three responses. Choose the response that best answers the question:'),(9,NULL,NULL,NULL,NULL,'part3.jpg',3,'on hi thoi',3,'Listen to the dialogue. Then read each question and choose the best answer:'),(10,NULL,NULL,NULL,NULL,'part3.jpg',1,'on hi thoi',3,'Listen to the dialogue. Then read each question and choose the best answer:'),(11,NULL,NULL,NULL,NULL,'part4.jpg',3,'Bi ni chuyn ngn',4,'Listen to the talk. Then read each question and choose the best answer:'),(12,NULL,NULL,NULL,NULL,'part4.jpg',1,'Bi ni chuyn ngn',4,'Listen to the talk. Then read each question and choose the best answer:');
/*!40000 ALTER TABLE `listening` ENABLE KEYS */;
UNLOCK TABLES;

--
-- Table structure for table `listening_question`
--

DROP TABLE IF EXISTS `listening_question`;
/*!40101 SET @saved_cs_client     = @@character_set_client */;
/*!50503 SET character_set_client = utf8mb4 */;
CREATE TABLE `listening_question` (
  `id` bigint NOT NULL AUTO_INCREMENT,
  `created_at` datetime(6) DEFAULT NULL,
  `created_by` varchar(255) DEFAULT NULL,
  `updated_at` datetime(6) DEFAULT NULL,
  `updated_by` varchar(255) DEFAULT NULL,
  `audio` varchar(255) DEFAULT NULL,
  `correct_option` varchar(255) DEFAULT NULL,
  `image` varchar(255) DEFAULT NULL,
  `option1` varchar(255) DEFAULT NULL,
  `option2` varchar(255) DEFAULT NULL,
  `option3` varchar(255) DEFAULT NULL,
  `option4` varchar(255) DEFAULT NULL,
  `question` varchar(255) DEFAULT NULL,
  `reason` text,
  `listening_id` bigint DEFAULT NULL,
  PRIMARY KEY (`id`),
  KEY `FKstwmayind9btsc9i67mt63xij` (`listening_id`),
  CONSTRAINT `FKstwmayind9btsc9i67mt63xij` FOREIGN KEY (`listening_id`) REFERENCES `listening` (`id`)
) ENGINE=InnoDB AUTO_INCREMENT=141 DEFAULT CHARSET=utf8mb4 COLLATE=utf8mb4_0900_ai_ci;
/*!40101 SET character_set_client = @saved_cs_client */;

--
-- Dumping data for table `listening_question`
--

LOCK TABLES `listening_question` WRITE;
/*!40000 ALTER TABLE `listening_question` DISABLE KEYS */;
INSERT INTO `listening_question` VALUES (1,NULL,NULL,NULL,NULL,'111.mp3','C','111.jpg','A','B','C','D',NULL,'reason1',1),(2,NULL,NULL,NULL,NULL,'121.mp3','B','121.jpg','A','B','C','D',NULL,'reason1',1),(3,NULL,NULL,NULL,NULL,'131.mp3','B','131.jpg','A','B','C','D',NULL,'reason1',1),(4,NULL,NULL,NULL,NULL,'141.mp3','A','141.jpg','A','B','C','D',NULL,'reason1',1),(5,NULL,NULL,NULL,NULL,'151.mp3','D','151.jpg','A','B','C','D',NULL,'reason1',1),(6,NULL,NULL,NULL,NULL,'161.mp3','B','161.jpg','A','B','C','D',NULL,'reason1',1),(7,NULL,NULL,NULL,NULL,'211.mp3','A','211.jpg','A','B','C','D',NULL,'reason1',5),(8,NULL,NULL,NULL,NULL,'221.mp3','B','221.jpg','A','B','C','D',NULL,'reason1',5),(9,NULL,NULL,NULL,NULL,'231.mp3','A','231.png','A','B','C','D',NULL,'reason1',5),(10,NULL,NULL,NULL,NULL,'241.mp3','B','241.jpg','A','B','C','D',NULL,'reason1',5),(11,NULL,NULL,NULL,NULL,'251.mp3','B','251.png','A','B','C','D',NULL,'reason1',5),(12,NULL,NULL,NULL,NULL,'261.mp3','B','261.jpg','A','B','C','D',NULL,'reason1',5),(13,NULL,NULL,NULL,NULL,'311.mp3','D','311.png','A','B','C','D',NULL,'reason1',6),(14,NULL,NULL,NULL,NULL,'321.mp3','A','321.jpg','A','B','C','D',NULL,'reason1',6),(15,NULL,NULL,NULL,NULL,'331.mp3','B','331.jpg','A','B','C','D',NULL,'reason1',6),(16,NULL,NULL,NULL,NULL,'341.mp3','C','341.jpg','A','B','C','D',NULL,'reason1',6),(17,NULL,NULL,NULL,NULL,'351.mp3','A','351.jpg','A','B','C','D',NULL,'reason1',6),(18,NULL,NULL,NULL,NULL,'361.mp3','A','361.jpg','A','B','C','D',NULL,'reason1',6),(19,NULL,NULL,NULL,NULL,'e1.mp3','C',NULL,'A','B','C',NULL,NULL,NULL,2),(20,NULL,NULL,NULL,NULL,'e2.mp3','B',NULL,'A','B','C',NULL,NULL,NULL,2),(21,NULL,NULL,NULL,NULL,'e3.mp3','A',NULL,'A','B','C',NULL,NULL,NULL,2),(22,NULL,NULL,NULL,NULL,'e4.mp3','C',NULL,'A','B','C',NULL,NULL,NULL,2),(23,NULL,NULL,NULL,NULL,'e5.mp3','B',NULL,'A','B','C',NULL,NULL,NULL,2),(24,NULL,NULL,NULL,NULL,'e6.mp3','B',NULL,'A','B','C',NULL,NULL,NULL,2),(25,NULL,NULL,NULL,NULL,'e7.mp3','A',NULL,'A','B','C',NULL,NULL,NULL,2),(26,NULL,NULL,NULL,NULL,'e8.mp3','B',NULL,'A','B','C',NULL,NULL,NULL,2),(27,NULL,NULL,NULL,NULL,'e9.mp3','B',NULL,'A','B','C',NULL,NULL,NULL,2),(28,NULL,NULL,NULL,NULL,'e10.mp3','C',NULL,'A','B','C',NULL,NULL,NULL,2),(29,NULL,NULL,NULL,NULL,'e11.mp3','A',NULL,'A','B','C',NULL,NULL,NULL,2),(30,NULL,NULL,NULL,NULL,'e12.mp3','A',NULL,'A','B','C',NULL,NULL,NULL,2),(31,NULL,NULL,NULL,NULL,'e13.mp3','C',NULL,'A','B','C',NULL,NULL,NULL,2),(32,NULL,NULL,NULL,NULL,'e14.mp3','A',NULL,'A','B','C',NULL,NULL,NULL,2),(33,NULL,NULL,NULL,NULL,'e15.mp3','C',NULL,'A','B','C',NULL,NULL,NULL,2),(34,NULL,NULL,NULL,NULL,'e16.mp3','B',NULL,'A','B','C',NULL,NULL,NULL,2),(35,NULL,NULL,NULL,NULL,'e17.mp3','B',NULL,'A','B','C',NULL,NULL,NULL,2),(36,NULL,NULL,NULL,NULL,'e18.mp3','B',NULL,'A','B','C',NULL,NULL,NULL,2),(37,NULL,NULL,NULL,NULL,'e19.mp3','A',NULL,'A','B','C',NULL,NULL,NULL,2),(38,NULL,NULL,NULL,NULL,'e20.mp3','C',NULL,'A','B','C',NULL,NULL,NULL,2),(39,NULL,NULL,NULL,NULL,'e21.mp3','A',NULL,'A','B','C',NULL,NULL,NULL,2),(40,NULL,NULL,NULL,NULL,'e22.mp3','B',NULL,'A','B','C',NULL,NULL,NULL,2),(41,NULL,NULL,NULL,NULL,'e23.mp3','C',NULL,'A','B','C',NULL,NULL,NULL,2),(42,NULL,NULL,NULL,NULL,'e24.mp3','C',NULL,'A','B','C',NULL,NULL,NULL,2),(43,NULL,NULL,NULL,NULL,'e25.mp3','C',NULL,'A','B','C',NULL,NULL,NULL,2),(44,NULL,NULL,NULL,NULL,'average_1.mp3','A restaurant employee',NULL,'A hotel employee','A restaurant employee','A flight agency employee','A cook from a restaurant','Who is Jack talking to?',NULL,3),(45,NULL,NULL,NULL,NULL,'average_1.mp3','Make a reservation for his group of 12',NULL,'Make a reservation at 7:30','Make a deal with the restaurant to get a discount','Make a reservation for his group of 12','Find a good Japanese restaurant','What is Jack trying to do?',NULL,3),(46,NULL,NULL,NULL,NULL,'average_1.mp3','He will not receive a discount',NULL,'He will not receive a discount','The restaurant provides great service','They have to come ten minutes early','The restaurant closes at 10:30','What does the employee remind Jack of?',NULL,3),(47,NULL,NULL,NULL,NULL,'average_2.mp3','A restaurant',NULL,'A restaurant','An auditorium','A hotel','A floral shop','Where do the speakers most likely work?',NULL,3),(48,NULL,NULL,NULL,NULL,'average_2.mp3','Two',NULL,'One','Two','Three','Four','How many branches are there?',NULL,3),(49,NULL,NULL,NULL,NULL,'average_2.mp3','Some errands will be taken care of',NULL,'Some errands will be taken care of','Flowers will be picked','Some decorations will be ordered','A collaborative event will be held','According to the woman, what will be done in 15 minutes?',NULL,3),(50,NULL,NULL,NULL,NULL,'average_3.mp3','What they will do in the evening',NULL,'Sunnys mother','What they will do in the evening','Their boyfriends','Flamenco music','What are the speakers mainly discussing?',NULL,3),(51,NULL,NULL,NULL,NULL,'average_3.mp3','Her boyfriend',NULL,'Her relative','Her mother','Her boyfriend','Her boyfriends mother','Who is Sunny expecting at the train station?',NULL,3),(52,NULL,NULL,NULL,NULL,'average_3.mp3','Call her boyfriend',NULL,'Go to the train station','Go to the club','Call her boyfriend','Ask about Flamenco music','What will Sunny do next?',NULL,3),(53,NULL,NULL,NULL,NULL,'average_4.mp3','He has to discuss something with Sue',NULL,'He has to give a client a number','Sues number is his computers password.','Sue asked him to call her','He has to discuss something with Sue','Why does James need his planner immediately?',NULL,3),(54,NULL,NULL,NULL,NULL,'average_4.mp3','In the meeting room',NULL,'In James office','In the meeting room','At the information desk','In his office','Where does Peter suspect James planner is?',NULL,3),(55,NULL,NULL,NULL,NULL,'average_4.mp3','Civillians aren\'t allowed in the building.',NULL,'It has a great computer system','It has its own safety agents','Security guards always carry cameras','Civillians aren\'t allowed in the building.','What is true about the building where they work?',NULL,3),(56,NULL,NULL,NULL,NULL,'average_5.mp3','They might not find a gas station soon',NULL,'They dont know their way back home','They are late to a place','They are lost and dont money','They might not find a gas station soon','Why is the woman getting nervous?',NULL,3),(57,NULL,NULL,NULL,NULL,'average_5.mp3','The car is almost out of gas',NULL,'The car will break down soon','The car is almost out of gas','The car has been running with a flat tire','The car doesnt have any headlights','What does the woman warn the man of?',NULL,3),(58,NULL,NULL,NULL,NULL,'average_5.mp3','Annoyed',NULL,'Annoyed','Abandoned','Frustrated','Lonely','Which of the following best describes the man?',NULL,3),(59,NULL,NULL,NULL,NULL,'average_6.mp3','It is not solid enough to use',NULL,'Its shade is not right for her items','It is not solid enough to use','It is not convenient to apply','It is more expensive than other brands','According to the woman, what is the problem with the cleaner?',NULL,3),(60,NULL,NULL,NULL,NULL,'average_6.mp3','From some reviews',NULL,'From an advertisement','From a product catalog','From some reviews','From her colleague','How did the woman learn about the item?',NULL,3),(61,NULL,NULL,NULL,NULL,'average_6.mp3','To replace the item',NULL,'To get the money back','To change the color','To get a discounted item','To replace the item','What does the woman say she would prefer?',NULL,3),(62,NULL,NULL,NULL,NULL,'average_7.mp3','A budget',NULL,'Shareholders information','A community calendar','Job openings','A budget','What information should the speakers present?',NULL,3),(63,NULL,NULL,NULL,NULL,'average_7.mp3','Going to a family event',NULL,'Attending a meeting','Working late','Going to a family event','Presenting the project','What is the woman doing on Friday?',NULL,3),(64,NULL,NULL,NULL,NULL,'average_7.mp3','Tuesday',NULL,'Monday','Tuesday','Thursday','Friday','When will the woman visit the mans office?',NULL,3),(65,NULL,NULL,NULL,NULL,'average_8.mp3','The Sales department',NULL,'The personnel Department','The Sales department','The Accounting department','The Research and Development department','What department does Luann work for?',NULL,3),(66,NULL,NULL,NULL,NULL,'average_8.mp3','She wants a bigger budget for her department',NULL,'She wants a bigger budget for her department','She needs to give him a copy of the new budget report','She wants to ask him out for lunch','Shes handling in her resignation','Why does Luann want to talk to Mr. Webster?',NULL,3),(67,NULL,NULL,NULL,NULL,'average_8.mp3','The Research and Development department',NULL,'The Personnel department','The Sales department','The Accounting department','The Research and Development department','Which department will receive the money more?',NULL,3),(68,NULL,NULL,NULL,NULL,'average_9.mp3','At a restaurant',NULL,'At a bakery','At a book signing','At a restaurant','At a training session','Where are they?',NULL,3),(69,NULL,NULL,NULL,NULL,'average_9.mp3','Recommend some food',NULL,'Bring her some soup','Describe a sandwich','Suggest a side dish','Recommend some food','What does the woman ask the man to do?',NULL,3),(70,NULL,NULL,NULL,NULL,'average_9.mp3','Think about an order',NULL,'Drink tea','Ask for help','Call a friend','Think about an order','What will the woman do first?',NULL,3),(71,NULL,NULL,NULL,NULL,'average_10.mp3','At a research lab',NULL,'At a stationery store','At a research lab','At a sales floor','At an art-supply store','Where is the conversation being heard?',NULL,3),(72,NULL,NULL,NULL,NULL,'average_10.mp3','Some supplies ran out',NULL,'A deadline has been missed','Some items are out of order','The results arent accurate','Some supplies ran out','What is the problem?',NULL,3),(73,NULL,NULL,NULL,NULL,'average_10.mp3','The man will ask the supplier to expedite the delivery',NULL,'The man will ask the supplier to expedite the delivery','The man will borrow some tubes','The woman will contact a bank teller','The man will write a research report','What is supposed to happen next?',NULL,3),(74,NULL,NULL,NULL,NULL,'average_11.mp3','Grocery store',NULL,'Flower shop','Cooking school','Grocery store','Cafe','Where is the conversation probably taking place?',NULL,3),(75,NULL,NULL,NULL,NULL,'average_11.mp3','Location of a product',NULL,'Location of a product','The price of flowers','Ingredients of a product','The man\'s position','What does the woman ask the man?',NULL,3),(76,NULL,NULL,NULL,NULL,'average_11.mp3','Help the woman to locate the item',NULL,'Call for assistance','Help the woman to locate the item','Give the woman a map of the store','Create a bouquet for the woman','What most likely will the man do now?',NULL,3),(77,NULL,NULL,NULL,NULL,'average_12.mp3','A brochure',NULL,'A brochure','A movie ticket','A magazine','His presentation source','What is being mailed to Mike?',NULL,3),(78,NULL,NULL,NULL,NULL,'average_12.mp3','Monday',NULL,'Monday','Thursday','Friday','Saturday','When is the conversation taking place?',NULL,3),(79,NULL,NULL,NULL,NULL,'average_12.mp3','Mike is too busy this week',NULL,'Mike is too busy this week','Jessica will receive the book in 5 days','Mike refuses to go out with Jesse','Jessica planned on spending time with Mike tomorrow','Which of the following describes the situation correctly?',NULL,3),(80,NULL,NULL,NULL,NULL,'average_13.mp3','To a nature park',NULL,'To a souvenir shop','To a nature park','To a board meeting','To an airport','Where are the speakers going?',NULL,3),(81,NULL,NULL,NULL,NULL,'average_13.mp3','He read about it in a paper',NULL,'He was walking by','His colleague told him','He listened to a radio ad','He read about it in a paper','How did the man learn about the event?',NULL,3),(82,NULL,NULL,NULL,NULL,'average_13.mp3','They can get some plants',NULL,'They can get some plants','A transportation service will be provided','They will share their thoughts in public','Questions will be answered.','What are the speakers able to do at the end of the event?',NULL,3),(83,NULL,NULL,NULL,NULL,'d1.mp3','The installation of new computers',NULL,'A breakdown in the Internet network','Computer repairs','A meeting agenda','The installation of new computers','What is the announcement about?',NULL,4),(84,NULL,NULL,NULL,NULL,'d1.mp3','Preserve all information',NULL,'Help move the old computers','Preserve all information','Cooperate with the cable company employees','Not to be late next Saturday','What does Ms. Wonders remind the employees to do?',NULL,4),(85,NULL,NULL,NULL,NULL,'d1.mp3','July 5th',NULL,'July 4th','July 5th','July 6th','July 7th','When will the computers be removed?',NULL,4),(86,NULL,NULL,NULL,NULL,'d2.mp3','Starting a company is becoming cheaper.',NULL,'Software programs have become more complicated.','Entrepreneurs want to lay off more employees.','Starting a company is becoming cheaper.','Software companies are investing more in stocks.','What does the survey indicate?',NULL,4),(87,NULL,NULL,NULL,NULL,'d2.mp3','They want their programs to be popular.',NULL,'They want their programs to be more expensive.','They want their programs to be popular.','They receive funding from institutional investors.','Their programs are not used widely anymore.',' What is true about software programmers?',NULL,4),(88,NULL,NULL,NULL,NULL,'d2.mp3','Investments in research',NULL,'Investments in research','Their workforces','Their business lines','The sales of their products','According to the report, what have new companies increased?',NULL,4),(89,NULL,NULL,NULL,NULL,'d3.mp3','A shipping company',NULL,'A heavy machinery manufacturer','An accounting company','A shipping company','An automobile dealer','What type of company does the company work for?',NULL,4),(90,NULL,NULL,NULL,NULL,'d3.mp3','It has grown.',NULL,'It has grown.','It was founded 10 years ago.','It recently hired new employees.','It produces heavy machinery.','What is suggested about the company?',NULL,4),(91,NULL,NULL,NULL,NULL,'d3.mp3','It handles the items cautiously.',NULL,'It offers the lowest prices.','It specializes in small items.','It handles the items cautiously.','Its staff members are all very friendly.','What do the clients like about the company?',NULL,4),(92,NULL,NULL,NULL,NULL,'d4.mp3','Open its first branch in another country.',NULL,'Announce a new contest.','Open its first branch in another country.','Give customers a special discount.','Expand its business into Asia.','What will the Stonebark Company do on March 1?',NULL,4),(93,NULL,NULL,NULL,NULL,'d4.mp3','Their favorite flavor.',NULL,'Their favorite flavor.','Their favorite caf.','The location for a new caf.','Their favorite Stonebark employee.','What can Stonebark customers vote for?',NULL,4),(94,NULL,NULL,NULL,NULL,'d4.mp3','It will probably become popular around the world.',NULL,'It will not grow very fast.','Its coffee will not be very special.','Its future does not look very favorable.','It will probably become popular around the world.','What does the announcer say about the future of the Stonebark Company?',NULL,4),(95,NULL,NULL,NULL,NULL,'d5.mp3','High waters.',NULL,'High waters.','Lack of food.','More homes than families.','Expensive property.','What is the problem?',NULL,4),(96,NULL,NULL,NULL,NULL,'d5.mp3','None',NULL,'None','Twenty.','Thousands.','Millions.','How many people have died?',NULL,4),(97,NULL,NULL,NULL,NULL,'d5.mp3','On Friday.',NULL,'On Sunday.','On Monday.','On Friday.','On Saturday.','When will the president visit the area?',NULL,4),(98,NULL,NULL,NULL,NULL,'d6.mp3','A tour guide',NULL,'A tour guide','A sunbather','A museum employee','A city official','Who most likely is the speaker?',NULL,4),(99,NULL,NULL,NULL,NULL,'d6.mp3','It is the best place for viewing sunsets.',NULL,'It\'s cleaner.','It\'s 100 years old.','It is the best place for viewing sunsets.','It has ships on display.','How does Wreck Beach differ from other beaches?',NULL,4),(100,NULL,NULL,NULL,NULL,'d6.mp3','An electrical problem',NULL,'The sunny weather','An electrical problem','A shipwreck','Sunset','What caused the change of schedule?',NULL,4),(101,NULL,NULL,NULL,NULL,'d7.mp3','A problem with the manufacture of a new product',NULL,'A reduction in pharmaceutical sales','A problem with the manufacture of a new product','The introduction of new production equipment','Job openings for chemical engineers','What is the main subject of this report?',NULL,4),(102,NULL,NULL,NULL,NULL,'d7.mp3','Change the way to combine the materials',NULL,'Repair the equipment','Change the way to combine the materials','Duplicate the existing product','Decrease the chemical content','According to this report, what is important for the team to do?',NULL,4),(103,NULL,NULL,NULL,NULL,'d7.mp3','He will organize a team of experts.',NULL,'He has a formula that will work.','He plans to stop production.','He will extend the production deadline.','He will organize a team of experts.','What did Mr. Avery announce?',NULL,4),(104,NULL,NULL,NULL,NULL,'d8.mp3','It will snow.',NULL,'It will rain.','Temperatures will rise above zero.','It will snow.','It will be unusually warm.','What does the speaker suggest about todays weather?',NULL,4),(105,NULL,NULL,NULL,NULL,'d8.mp3','Temperatures will normalize.',NULL,'It will continue snowing.','A winter snowstorm will hit.','Temperatures will normalize.','It will get colder.','What will likely happen next week?',NULL,4),(106,NULL,NULL,NULL,NULL,'d8.mp3','In half an hour',NULL,'At 8:00 a.m.','In an hour','At noon','In half an hour','When will the next weather report take place?',NULL,4),(107,NULL,NULL,NULL,NULL,'d9.mp3','Airline passengers',NULL,'Pilots','Sky Lounge employees','Duty-free shop customers','Airline passengers','Who is the announcement for?',NULL,4),(108,NULL,NULL,NULL,NULL,'d9.mp3','Flight schedules',NULL,'Flight schedules','Lunch prices','The departure gate\'s location','The weather forecast','What is being changed?',NULL,4),(109,NULL,NULL,NULL,NULL,'d9.mp3','Have a free meal',NULL,'Board the airplane','Change the flight schedule','Check their baggage ','Have a free meal','What are the listeners able to do?',NULL,4),(110,NULL,NULL,NULL,NULL,'d10.mp3','A marketing head',NULL,'The current head of sales','A former sales manager','A sales associate','A marketing head','Who most likely is Colin?',NULL,4),(111,NULL,NULL,NULL,NULL,'d10.mp3','The company will hire a new head.',NULL,'Colin will join a new department.','The company will hire a new head.','Colin will have a day off on Friday.','Mr. Graham has worked for the company for more than 20 years.','What is suggested about the company?',NULL,4),(112,NULL,NULL,NULL,NULL,'d10.mp3','On Friday',NULL,'On Friday','This evening','At the end of this month','In twenty days','According to the speaker, when will the farewell party take place?',NULL,4);
/*!40000 ALTER TABLE `listening_question` ENABLE KEYS */;
UNLOCK TABLES;

--
-- Table structure for table `persistent_logins`
--

DROP TABLE IF EXISTS `persistent_logins`;
/*!40101 SET @saved_cs_client     = @@character_set_client */;
/*!50503 SET character_set_client = utf8mb4 */;
CREATE TABLE `persistent_logins` (
  `username` varchar(100) NOT NULL,
  `series` varchar(64) NOT NULL,
  `token` varchar(64) NOT NULL,
  `last_used` timestamp NOT NULL,
  PRIMARY KEY (`series`)
) ENGINE=InnoDB DEFAULT CHARSET=utf8mb4 COLLATE=utf8mb4_0900_ai_ci;
/*!40101 SET character_set_client = @saved_cs_client */;

--
-- Dumping data for table `persistent_logins`
--

LOCK TABLES `persistent_logins` WRITE;
/*!40000 ALTER TABLE `persistent_logins` DISABLE KEYS */;
/*!40000 ALTER TABLE `persistent_logins` ENABLE KEYS */;
UNLOCK TABLES;

--
-- Table structure for table `reading`
--

DROP TABLE IF EXISTS `reading`;
/*!40101 SET @saved_cs_client     = @@character_set_client */;
/*!50503 SET character_set_client = utf8mb4 */;
CREATE TABLE `reading` (
  `id` bigint NOT NULL AUTO_INCREMENT,
  `created_at` datetime(6) DEFAULT NULL,
  `created_by` varchar(255) DEFAULT NULL,
  `updated_at` datetime(6) DEFAULT NULL,
  `updated_by` varchar(255) DEFAULT NULL,
  `description` varchar(255) DEFAULT NULL,
  `image` varchar(255) DEFAULT NULL,
  `level` int NOT NULL,
  `name` varchar(255) DEFAULT NULL,
  `part` int NOT NULL,
  PRIMARY KEY (`id`)
) ENGINE=InnoDB AUTO_INCREMENT=10 DEFAULT CHARSET=utf8mb4 COLLATE=utf8mb4_0900_ai_ci;
/*!40101 SET character_set_client = @saved_cs_client */;

--
-- Dumping data for table `reading`
--

LOCK TABLES `reading` WRITE;
/*!40000 ALTER TABLE `reading` DISABLE KEYS */;
INSERT INTO `reading` VALUES (1,NULL,NULL,NULL,NULL,'Choose the word that best completes the sentence:','part-5.png',2,'Hon thnh cu',5),(2,NULL,NULL,NULL,NULL,'Choose the word or phrase that best completes the blanks:','part6.jpg',2,'Hon thnh on vn',6),(3,NULL,NULL,NULL,NULL,'Read the passage and choose the correct answer:','part7.jpg',2,'oan n - on kp',7),(4,NULL,NULL,NULL,NULL,'Choose the word that best completes the sentence:','part-5.png',1,'Hon thnh cu',5),(5,NULL,NULL,NULL,NULL,'Choose the word or phrase that best completes the blanks:','part6.jpg',1,'Hon thnh on vn',6),(6,NULL,NULL,NULL,NULL,'Read the passage and choose the correct answer:','part7.jpg',1,'oan n - on kp',7),(7,NULL,NULL,NULL,NULL,'Choose the word that best completes the sentence:','part-5.png',3,'Hon thnh cu',5),(8,NULL,NULL,NULL,NULL,'Choose the word or phrase that best completes the blanks:','part6.jpg',3,'Hon thnh on vn',6),(9,NULL,NULL,NULL,NULL,'Read the passage and choose the correct answer:','part7.jpg',3,'oan n - on kp',7);
/*!40000 ALTER TABLE `reading` ENABLE KEYS */;
UNLOCK TABLES;

--
-- Table structure for table `reading_question`
--

DROP TABLE IF EXISTS `reading_question`;
/*!40101 SET @saved_cs_client     = @@character_set_client */;
/*!50503 SET character_set_client = utf8mb4 */;
CREATE TABLE `reading_question` (
  `id` bigint NOT NULL AUTO_INCREMENT,
  `created_at` datetime(6) DEFAULT NULL,
  `created_by` varchar(255) DEFAULT NULL,
  `updated_at` datetime(6) DEFAULT NULL,
  `updated_by` varchar(255) DEFAULT NULL,
  `correct_option` varchar(255) DEFAULT NULL,
  `option1` varchar(255) DEFAULT NULL,
  `option2` varchar(255) DEFAULT NULL,
  `option3` varchar(255) DEFAULT NULL,
  `option4` varchar(255) DEFAULT NULL,
  `paragraph` text,
  `question` varchar(255) DEFAULT NULL,
  `reason` text,
  `reading_id` bigint DEFAULT NULL,
  PRIMARY KEY (`id`),
  KEY `FKlpqlm6r4xcndfmo280f7prk8r` (`reading_id`),
  CONSTRAINT `FKlpqlm6r4xcndfmo280f7prk8r` FOREIGN KEY (`reading_id`) REFERENCES `reading` (`id`)
) ENGINE=InnoDB AUTO_INCREMENT=117 DEFAULT CHARSET=utf8mb4 COLLATE=utf8mb4_0900_ai_ci;
/*!40101 SET character_set_client = @saved_cs_client */;

--
-- Dumping data for table `reading_question`
--

LOCK TABLES `reading_question` WRITE;
/*!40000 ALTER TABLE `reading_question` DISABLE KEYS */;
INSERT INTO `reading_question` VALUES (1,NULL,NULL,NULL,NULL,'occasionally','occasionally','prematurely','marginally','uncommonly','Milky Cookies....... enters into a contract with a third party vendor in order to fulfill its business operations.',NULL,NULL,1),(2,NULL,NULL,NULL,NULL,'though','in spite of','so as','despite','though','We want you to be aware that were doing our utmost,------ we will not be able to provide you with a personalized experience on our website.',NULL,NULL,1),(3,NULL,NULL,NULL,NULL,'point','grade','feet','point','spot','Mr. Conners remarks concerning the results of last years declining sales were concise and to the .............',NULL,NULL,1),(4,NULL,NULL,NULL,NULL,'had disappeared','are disappearing','will have disappeared','had disappeared','disappear','When I closed the window, all of the files and folders on my desktop computer------- except for the icon.',NULL,NULL,1),(5,NULL,NULL,NULL,NULL,'conveniently','convenience','convenient','conveniently','conveniences','The elegant hotel known for its fabulous amenities is ...... located near the local airport.',NULL,NULL,1),(6,NULL,NULL,NULL,NULL,'replaced','prepared','consumed','revised','replaced','Our policy guarantees that any damaged products incurred in transit will be ..... immediately with new ones, or a full refund will be issued.',NULL,NULL,1),(7,NULL,NULL,NULL,NULL,'confidential','limited','former','confidential','mandatory','The chief executive officer is obligated to retain all the information of a ..... nature in relation to negotiations.',NULL,NULL,1),(8,NULL,NULL,NULL,NULL,'motivated','motivate','motivator','motivated','motivation','Can-do Engineering is searching for creative, ..... people who can produce excellent quality work that goes beyond customer expectations.',NULL,NULL,1),(9,NULL,NULL,NULL,NULL,'expected','expecting','expected','expects','expect','A new innovative program is ..... to be released, though some system failures happened at the beginning of the inspection.',NULL,NULL,1),(10,NULL,NULL,NULL,NULL,'professional','profession','professional','professor','profess','The Society for Communication seeks to advance technical support systems an provide services for the education and ..... development of its members.',NULL,NULL,1),(11,NULL,NULL,NULL,NULL,'had better','had better','had rather','would have','are better','If you would like to lose weight, you ..... replace high-calorie side dishes with healthier alternatives.',NULL,NULL,1),(12,NULL,NULL,NULL,NULL,'compare','entail','compare','diminish','serve','Those who wish to get the best deal from their shopping are advised to ..... product features, prices and read customer reviews carefully.',NULL,NULL,1),(13,NULL,NULL,NULL,NULL,'fluctuating','doubtful','genuine','fluctuating','assorted','The successful candidate may work in an environment with frequent interruptions and ..... deadlines rather than in a stable environment.',NULL,NULL,1),(14,NULL,NULL,NULL,NULL,'compared','compare','comparing','compared','comparison','According to the preliminary analysis by the labor department, the recovery of the economy this year led to an increase in employment, ..... with the same period last year.',NULL,NULL,1),(15,NULL,NULL,NULL,NULL,'whose','who','which','whose','that','Customers ..... products are provided and maintained through an existing arrangement should contact us immediately.',NULL,NULL,1),(16,NULL,NULL,NULL,NULL,'develop','develop','revise','achieve','contribute','The planning officer was struggling to get a permit to......... a residential area, which can easily cost a billion dollars even before the expense of buying the land.',NULL,NULL,1),(17,NULL,NULL,NULL,NULL,'Who','Who','anyone','whose','whichever','Emma Jean,----- was nominated for an Employee of the Month Award for her exceptional work performance, will deliver a speech this evening.',NULL,NULL,1),(18,NULL,NULL,NULL,NULL,'supervision','attendance','sight','provision','supervision','The launch of new software programs has been under the........ of Mr. Lopez, whos famous for his dedication to the company.',NULL,NULL,1),(19,NULL,NULL,NULL,NULL,'unless','also','except','therefore','unless','You will need to pay for the cost of shipping, ..... given alternative instructions from our customer service department.',NULL,NULL,1),(20,NULL,NULL,NULL,NULL,'continuing','continue','continuous','continuing','continued','We are looking forward to ..... to provide the highest quality programs consistently for years to come.',NULL,NULL,1),(21,NULL,NULL,NULL,NULL,'those of','them of','that of','this of','those of','Increasingly powerful computer graphics have enabled domestic flmmakers to create screen images that rival ..... Hollywood.',NULL,NULL,1),(22,NULL,NULL,NULL,NULL,'reflective','critic','appreciative','understanding','reflective','I recommend that the presentation you will give next week be..... of the overall market trends.',NULL,NULL,1),(31,NULL,NULL,NULL,NULL,'doubtful','doubt','doubted','doubtful','doubtfully','Mr. Jackson is ..... that he is authorized to fly business class to get to the trade fair in Chicago.',NULL,NULL,1),(32,NULL,NULL,NULL,NULL,'comprehensive','comprehensive','comprehension','comprehensively','comprehend','We will help you find ..... and cost-effective solutions to drive your business to a higher level of success.',NULL,NULL,1),(33,NULL,NULL,NULL,NULL,'returning','return','returns','returned','returning','If you need further information or have any questions about ..... your merchandise, please send an e-mail to the sales department or contact us.',NULL,NULL,1),(34,NULL,NULL,NULL,NULL,'based','base','basing','based','basement','The V.S. Center database will allow you to find the best volunteer opportunities ..... on your preference.',NULL,NULL,1),(35,NULL,NULL,NULL,NULL,'necessarily','barely','gradually','necessarily','presumably','The increase in the overall sales volume does not ..... indicate a high level of customer satisfaction.',NULL,NULL,1),(36,NULL,NULL,NULL,NULL,'superior','better','improved','enhanced','superior','Ms. Gail Hutson, systems manager, made internal corporate blogs ..... to other traditional forms of communications.',NULL,NULL,1),(37,NULL,NULL,NULL,NULL,'common','common','even','genuine','accurate','It is fairly ..... for employees to receive full compensation for their overtime work.',NULL,NULL,1),(38,NULL,NULL,NULL,NULL,'temporary','temporary','minor ','duplicate ','harsh','We need to appoint a ..... replacement for Mr. Hwang, who handles classes on nutrition to attendees.',NULL,NULL,1),(39,NULL,NULL,'2022-04-18 21:48:33.123000','admin','from','over','at','up','from','<p><b>Halls will come to Life with Music</b></p><p>Albert Hall and Royal Hall have disclosed their schedules for the upcoming season, with everything (1)........ classical music to stand up comedy acts and lots in between.</p><p>The Smiths are set to make their debut at 100-year-old Albert hall on Jan 25, 2007. The venerable venue (2)........ will host Bruce Thornton on January 17, Ron Ghanem on January 3, Terry Lightfoot on January 9, and folk superstar Judith Bachman on February 12, 13 and 14.</p><p>At Royal Hall, in its classical (3)........, American soprano Rosemary Voigt, Canadian soprano lonathon Pierre, Canadian baritone Mel Finley, and Polish contralto Ceorge Podles (4)........ on the bill.</p>','','',2),(40,NULL,NULL,'2022-04-18 21:48:36.869000','admin','also','besides','of','also','either','<p><b>Halls will come to Life with Music</b></p><p>Albert Hall and Royal Hall have disclosed their schedules for the upcoming season, with everything (1)........ classical music to stand up comedy acts and lots in between.</p><p>The Smiths are set to make their debut at 100-year-old Albert hall on Jan 25, 2007. The venerable venue (2)........ will host Bruce Thornton on January 17, Ron Ghanem on January 3, Terry Lightfoot on January 9, and folk superstar Judith Bachman on February 12, 13 and 14.</p><p>At Royal Hall, in its classical (3)........, American soprano Rosemary Voigt, Canadian soprano lonathon Pierre, Canadian baritone Mel Finley, and Polish contralto Ceorge Podles (4)........ on the bill.</p>','','',2),(41,NULL,NULL,'2022-04-18 21:48:42.144000','admin','series','series','steps','occasions','separations','<p><b>Halls will come to Life with Music</b></p><p>Albert Hall and Royal Hall have disclosed their schedules for the upcoming season, with everything (1)........ classical music to stand up comedy acts and lots in between.</p><p>The Smiths are set to make their debut at 100-year-old Albert hall on Jan 25, 2007. The venerable venue (2)........ will host Bruce Thornton on January 17, Ron Ghanem on January 3, Terry Lightfoot on January 9, and folk superstar Judith Bachman on February 12, 13 and 14.</p><p>At Royal Hall, in its classical (3)........, American soprano Rosemary Voigt, Canadian soprano lonathon Pierre, Canadian baritone Mel Finley, and Polish contralto Ceorge Podles (4)........ on the bill.</p>','','',2),(42,NULL,NULL,'2022-04-18 21:48:46.441000','admin','are','is','are','was','were','<p><b>Halls will come to Life with Music</b></p><p>Albert Hall and Royal Hall have disclosed their schedules for the upcoming season, with everything (1)........ classical music to stand up comedy acts and lots in between.</p><p>The Smiths are set to make their debut at 100-year-old Albert hall on Jan 25, 2007. The venerable venue (2)........ will host Bruce Thornton on January 17, Ron Ghanem on January 3, Terry Lightfoot on January 9, and folk superstar Judith Bachman on February 12, 13 and 14.</p><p>At Royal Hall, in its classical (3)........, American soprano Rosemary Voigt, Canadian soprano lonathon Pierre, Canadian baritone Mel Finley, and Polish contralto Ceorge Podles (4)........ on the bill.</p>','','',2),(43,NULL,NULL,NULL,NULL,'compared','comparisons','compared','comparing','comparative','<p>Trimart&rsquo;s Housing Report gave Thornhill the number one ranking in sales for the month of June. Sales in Thornhill increased by 124% with 330 sales (5)........ to a May tally of 147</p><p>This dramatic (6)........ was the result of the outstanding success of the Saxton Group&rsquo;s launch of their new, affordable subdivision Home Sweet Home.</p><p>In its first weekend, Home sweet Home completely sold out its 152-unit inventory in the Thornhill area. A more (7)........ increase of 16% was recorded in the Toronto region, comprised of North York, East York, Etobicoke, York and Central Toronto.</p><p>The total market area experienced a 5% increase in (8)........ over May.</p>',NULL,NULL,2),(44,NULL,NULL,NULL,NULL,'increase','decrease','lift','reduction','increase','<p>Trimart&rsquo;s Housing Report gave Thornhill the number one ranking in sales for the month of June. Sales in Thornhill increased by 124% with 330 sales (5)........ to a May tally of 147</p><p>This dramatic (6)........ was the result of the outstanding success of the Saxton Group&rsquo;s launch of their new, affordable subdivision Home Sweet Home.</p><p>In its first weekend, Home sweet Home completely sold out its 152-unit inventory in the Thornhill area. A more (7)........ increase of 16% was recorded in the Toronto region, comprised of North York, East York, Etobicoke, York and Central Toronto.</p><p>The total market area experienced a 5% increase in (8)........ over May.</p>',NULL,NULL,2),(45,NULL,NULL,NULL,NULL,'moderate','cautious','careful','moderate','deliberate','<p>Trimart&rsquo;s Housing Report gave Thornhill the number one ranking in sales for the month of June. Sales in Thornhill increased by 124% with 330 sales (5)........ to a May tally of 147</p><p>This dramatic (6)........ was the result of the outstanding success of the Saxton Group&rsquo;s launch of their new, affordable subdivision Home Sweet Home.</p><p>In its first weekend, Home sweet Home completely sold out its 152-unit inventory in the Thornhill area. A more (7)........ increase of 16% was recorded in the Toronto region, comprised of North York, East York, Etobicoke, York and Central Toronto.</p><p>The total market area experienced a 5% increase in (8)........ over May.</p>',NULL,NULL,2),(46,NULL,NULL,NULL,NULL,'sales','voucher','sales','stock','discount','<p>Trimart&rsquo;s Housing Report gave Thornhill the number one ranking in sales for the month of June. Sales in Thornhill increased by 124% with 330 sales (5)........ to a May tally of 147</p><p>This dramatic (6)........ was the result of the outstanding success of the Saxton Group&rsquo;s launch of their new, affordable subdivision Home Sweet Home.</p><p>In its first weekend, Home sweet Home completely sold out its 152-unit inventory in the Thornhill area. A more (7)........ increase of 16% was recorded in the Toronto region, comprised of North York, East York, Etobicoke, York and Central Toronto.</p><p>The total market area experienced a 5% increase in (8)........ over May.</p>',NULL,NULL,2),(47,NULL,NULL,NULL,NULL,'features','takes','features','accounts','calculates','<p><b>Dreamaker<br>The professionals that make your nights comfortable</b></p><p>The Dreamaker Plus (9)........ the exclusive coil system everyone&rsquo;s been talking about.</p><p>For the past 50 years, the experts at Dreamaker (10)........ their time and effort to bring the Americans a good night&rsquo;s rest by using our reliable and proven technology.</p><p>Compared to any conventional spring systems available in the industry, the Dreamaker Plus has nearly twice the coils of any others. Quality comfort layers and fabrics (11)........ to ensure a comfortable and durable sleeping surface.</p><p>By increasing the wire thickness in the outer two rows, Dreamaker Plus (12)........ a firmer seating edge, increases the usable sleeping space, and helps to prevent that &ldquo;roll out of bed&rdquo; feeling.</p>',NULL,NULL,2),(48,NULL,NULL,NULL,NULL,'have dedicated','were dedicated','have dedicated','dedicated','had dedicated','<p><b>Dreamaker<br>The professionals that make your nights comfortable</b></p><p>The Dreamaker Plus (9)........ the exclusive coil system everyone&rsquo;s been talking about.</p><p>For the past 50 years, the experts at Dreamaker (10)........ their time and effort to bring the Americans a good night&rsquo;s rest by using our reliable and proven technology.</p><p>Compared to any conventional spring systems available in the industry, the Dreamaker Plus has nearly twice the coils of any others. Quality comfort layers and fabrics (11)........ to ensure a comfortable and durable sleeping surface.</p><p>By increasing the wire thickness in the outer two rows, Dreamaker Plus (12)........ a firmer seating edge, increases the usable sleeping space, and helps to prevent that &ldquo;roll out of bed&rdquo; feeling.</p>',NULL,NULL,2),(49,NULL,NULL,NULL,NULL,'have been used','was used','have been used','are to use','will be used','<p><b>Dreamaker<br>The professionals that make your nights comfortable</b></p><p>The Dreamaker Plus (9)........ the exclusive coil system everyone&rsquo;s been talking about.</p><p>For the past 50 years, the experts at Dreamaker (10)........ their time and effort to bring the Americans a good night&rsquo;s rest by using our reliable and proven technology.</p><p>Compared to any conventional spring systems available in the industry, the Dreamaker Plus has nearly twice the coils of any others. Quality comfort layers and fabrics (11)........ to ensure a comfortable and durable sleeping surface.</p><p>By increasing the wire thickness in the outer two rows, Dreamaker Plus (12)........ a firmer seating edge, increases the usable sleeping space, and helps to prevent that &ldquo;roll out of bed&rdquo; feeling.</p>',NULL,NULL,2),(50,NULL,NULL,NULL,NULL,'provides','provide','provisions','providing','provides','<p><b>Dreamaker<br>The professionals that make your nights comfortable</b></p><p>The Dreamaker Plus (9)........ the exclusive coil system everyone&rsquo;s been talking about.</p><p>For the past 50 years, the experts at Dreamaker (10)........ their time and effort to bring the Americans a good night&rsquo;s rest by using our reliable and proven technology.</p><p>Compared to any conventional spring systems available in the industry, the Dreamaker Plus has nearly twice the coils of any others. Quality comfort layers and fabrics (11)........ to ensure a comfortable and durable sleeping surface.</p><p>By increasing the wire thickness in the outer two rows, Dreamaker Plus (12)........ a firmer seating edge, increases the usable sleeping space, and helps to prevent that &ldquo;roll out of bed&rdquo; feeling.</p>',NULL,NULL,2),(51,NULL,NULL,NULL,NULL,'us','you','us','them','him','<p>Michelle L. Sinnott The Mitel Limited 45 Landsdowne Road Seattle, Washington</p><p>Dear Ms. Sinnott,</p><p>Mr. Steven Davis, who is currently employed as a junior accountant at your firm, has recently shown his interest in a similar post with (13)......... and has provided your name as a reference.</p><p>I would be grateful to receive any information regarding his work ethic, character, and achievements. Furthermore, if you can provide your personal views of how his (14)......... with you have been and what your opinion is regarding Mr. Davis taking on full responsibility as an accountant in a very large and busy department, I would appreciate it.</p><p>I am (15)........ aware that Mr. Davis graduated from George Brown College with an accounting degree but I am more interested in how he has performed under your supervision since he began working for you.</p><p>If there is any other information you feel I (16)........ , I would appreciate it very much. I&rsquo;d like to thank you in advance and add that any information you provide will be treated as strictly confidential.</p>',NULL,NULL,2),(52,NULL,NULL,NULL,NULL,'services','facilities','values','services','opportunities','<p>Michelle L. Sinnott The Mitel Limited 45 Landsdowne Road Seattle, Washington</p><p>Dear Ms. Sinnott,</p><p>Mr. Steven Davis, who is currently employed as a junior accountant at your firm, has recently shown his interest in a similar post with (13)......... and has provided your name as a reference.</p><p>I would be grateful to receive any information regarding his work ethic, character, and achievements. Furthermore, if you can provide your personal views of how his (14)......... with you have been and what your opinion is regarding Mr. Davis taking on full responsibility as an accountant in a very large and busy department, I would appreciate it.</p><p>I am (15)........ aware that Mr. Davis graduated from George Brown College with an accounting degree but I am more interested in how he has performed under your supervision since he began working for you.</p><p>If there is any other information you feel I (16)........ , I would appreciate it very much. I&rsquo;d like to thank you in advance and add that any information you provide will be treated as strictly confidential.</p>',NULL,NULL,2),(53,NULL,NULL,NULL,NULL,'fully','enough','thoroughly','entirely','fully','<p>Michelle L. Sinnott The Mitel Limited 45 Landsdowne Road Seattle, Washington</p><p>Dear Ms. Sinnott,</p><p>Mr. Steven Davis, who is currently employed as a junior accountant at your firm, has recently shown his interest in a similar post with (13)......... and has provided your name as a reference.</p><p>I would be grateful to receive any information regarding his work ethic, character, and achievements. Furthermore, if you can provide your personal views of how his (14)......... with you have been and what your opinion is regarding Mr. Davis taking on full responsibility as an accountant in a very large and busy department, I would appreciate it.</p><p>I am (15)........ aware that Mr. Davis graduated from George Brown College with an accounting degree but I am more interested in how he has performed under your supervision since he began working for you.</p><p>If there is any other information you feel I (16)........ , I would appreciate it very much. I&rsquo;d like to thank you in advance and add that any information you provide will be treated as strictly confidential.</p>',NULL,NULL,2),(54,NULL,NULL,NULL,NULL,'can use','can use','used to','used','do','<p>Michelle L. Sinnott The Mitel Limited 45 Landsdowne Road Seattle, Washington</p><p>Dear Ms. Sinnott,</p><p>Mr. Steven Davis, who is currently employed as a junior accountant at your firm, has recently shown his interest in a similar post with (13)......... and has provided your name as a reference.</p><p>I would be grateful to receive any information regarding his work ethic, character, and achievements. Furthermore, if you can provide your personal views of how his (14)......... with you have been and what your opinion is regarding Mr. Davis taking on full responsibility as an accountant in a very large and busy department, I would appreciate it.</p><p>I am (15)........ aware that Mr. Davis graduated from George Brown College with an accounting degree but I am more interested in how he has performed under your supervision since he began working for you.</p><p>If there is any other information you feel I (16)........ , I would appreciate it very much. I&rsquo;d like to thank you in advance and add that any information you provide will be treated as strictly confidential.</p>',NULL,NULL,2),(55,NULL,NULL,NULL,NULL,'That it had made more profit than expected','That it plans to offer new services','That it had purchased a smaller firm','That it plans to increase its prices','That it had made more profit than expected','<p><b>Dar Pfeiffer Reports Strong Q2 Profit</b></p><p>On Wednesday, Dar Pfeiffer, one of the largest brokerage firms in the world, reported a second-quarter profit that was 53% larger than expected. The second-quarter profit was attributed to a one-time deal with money manager Tapcourt.</p><p>Shareholders saw this profit in the form of a $2.46 increase in share prices. The same period last year showed a $1.07 increase a share. Excluding the deal with Tapcourt, Dar Pfeiffer would have reported a profit 23% larger than expected. Either way, Dar Pfeiffer topped market predictions for performance by at least $1.58 a share.</p>','What did Dar Pfeiffer report?',NULL,3),(56,NULL,NULL,NULL,NULL,'A brokerage firm','A brokerage firm','An accounting firm','A market analyst firm','An investment banking firm','<p><b>Dar Pfeiffer Reports Strong Q2 Profit</b></p><p>On Wednesday, Dar Pfeiffer, one of the largest brokerage firms in the world, reported a second-quarter profit that was 53% larger than expected. The second-quarter profit was attributed to a one-time deal with money manager Tapcourt.</p><p>Shareholders saw this profit in the form of a $2.46 increase in share prices. The same period last year showed a $1.07 increase a share. Excluding the deal with Tapcourt, Dar Pfeiffer would have reported a profit 23% larger than expected. Either way, Dar Pfeiffer topped market predictions for performance by at least $1.58 a share.</p>','What is Dar Pfeiffer?',NULL,3),(57,NULL,NULL,'2022-04-18 21:49:29.109000','admin','March 22','March 22','March 23','March 24','March 25','<p><b>21st Annual Spears Foundation Conference on Health</b></p><p><b>Conference Purpose</b></p><p>The 21st Annual Spears Foundation Conference on Health provides professional education and networking for doctors, dentists, nurses, social workers, health care instructors, students, and anyone else involved or interested in the health care profession. The conference is funded by grants to the Spears Foundation from the Department of Health, the Children\'s Health Network, the Family Health Association, the Organization for World Health and Nutrition, and with support from the Sebastian L. Turner Foundation and the Phillippe Endowment.</p><p><b>Conference Goals</b></p><p>The focus of this year\'s conference will be promoting proper nutrition among children. Childhood nutrition is a significant health care issue in light of the increased prevalence of childhood illnesses related to an improper diet. In addition to posing immediate health consequences, a poor diet can contribute to poor health throughout an individual\'s life and eventually lead to conditions like obesity and heart disease.</p><p>The goal of the 21st Annual Spears Foundation Conference on Health is to foster the awareness and early prevention of improper childhood nutrition within the field of healthcare.</p>','On what day will conference activities NOT take place?','',3),(58,NULL,NULL,'2022-04-18 21:49:36.942000','admin','The manager of the conference','The manager of the conference','A member of the Children\'s Network','The president of the Spears Foundation','A major donor to the Spears Foundation','<p><b>21st Annual Spears Foundation Conference on Health</b></p><p><b>Conference Purpose</b></p><p>The 21st Annual Spears Foundation Conference on Health provides professional education and networking for doctors, dentists, nurses, social workers, health care instructors, students, and anyone else involved or interested in the health care profession. The conference is funded by grants to the Spears Foundation from the Department of Health, the Children\'s Health Network, the Family Health Association, the Organization for World Health and Nutrition, and with support from the Sebastian L. Turner Foundation and the Phillippe Endowment.</p><p><b>Conference Goals</b></p><p>The focus of this year\'s conference will be promoting proper nutrition among children. Childhood nutrition is a significant health care issue in light of the increased prevalence of childhood illnesses related to an improper diet. In addition to posing immediate health consequences, a poor diet can contribute to poor health throughout an individual\'s life and eventually lead to conditions like obesity and heart disease.</p><p>The goal of the 21st Annual Spears Foundation Conference on Health is to foster the awareness and early prevention of improper childhood nutrition within the field of healthcare.</p>','Who is Mr. Martin?','',3),(59,NULL,NULL,'2022-04-18 21:49:42.132000','admin','Childhood nutrition','Safety on the job','Employee education','Childhood nutrition','Employee health benefits','<p><b>21st Annual Spears Foundation Conference on Health</b></p><p><b>Conference Purpose</b></p><p>The 21st Annual Spears Foundation Conference on Health provides professional education and networking for doctors, dentists, nurses, social workers, health care instructors, students, and anyone else involved or interested in the health care profession. The conference is funded by grants to the Spears Foundation from the Department of Health, the Children\'s Health Network, the Family Health Association, the Organization for World Health and Nutrition, and with support from the Sebastian L. Turner Foundation and the Phillippe Endowment.</p><p><b>Conference Goals</b></p><p>The focus of this year\'s conference will be promoting proper nutrition among children. Childhood nutrition is a significant health care issue in light of the increased prevalence of childhood illnesses related to an improper diet. In addition to posing immediate health consequences, a poor diet can contribute to poor health throughout an individual\'s life and eventually lead to conditions like obesity and heart disease.</p><p>The goal of the 21st Annual Spears Foundation Conference on Health is to foster the awareness and early prevention of improper childhood nutrition within the field of healthcare.</p>','What is the focus of the conference?','',3),(60,NULL,NULL,'2022-04-18 21:49:50.738000','admin','People in the healthcare industry','People in the retail industry','People in the banking industry','People in the education industry','People in the healthcare industry','<p><b>21st Annual Spears Foundation Conference on Health</b></p><p><b>Conference Purpose</b></p><p>The 21st Annual Spears Foundation Conference on Health provides professional education and networking for doctors, dentists, nurses, social workers, health care instructors, students, and anyone else involved or interested in the health care profession. The conference is funded by grants to the Spears Foundation from the Department of Health, the Children\'s Health Network, the Family Health Association, the Organization for World Health and Nutrition, and with support from the Sebastian L. Turner Foundation and the Phillippe Endowment.</p><p><b>Conference Goals</b></p><p>The focus of this year\'s conference will be promoting proper nutrition among children. Childhood nutrition is a significant health care issue in light of the increased prevalence of childhood illnesses related to an improper diet. In addition to posing immediate health consequences, a poor diet can contribute to poor health throughout an individual\'s life and eventually lead to conditions like obesity and heart disease.</p><p>The goal of the 21st Annual Spears Foundation Conference on Health is to foster the awareness and early prevention of improper childhood nutrition within the field of healthcare.</p>','Who is the conference for?','',3),(61,NULL,NULL,'2022-04-18 21:50:00.349000','admin','encouraging','benefiting','encouraging','advertising','contributing','<p><b>21st Annual Spears Foundation Conference on Health</b></p><p><b>Conference Purpose</b></p><p>The 21st Annual Spears Foundation Conference on Health provides professional education and networking for doctors, dentists, nurses, social workers, health care instructors, students, and anyone else involved or interested in the health care profession. The conference is funded by grants to the Spears Foundation from the Department of Health, the Children\'s Health Network, the Family Health Association, the Organization for World Health and Nutrition, and with support from the Sebastian L. Turner Foundation and the Phillippe Endowment.</p><p><b>Conference Goals</b></p><p>The focus of this year\'s conference will be promoting proper nutrition among children. Childhood nutrition is a significant health care issue in light of the increased prevalence of childhood illnesses related to an improper diet. In addition to posing immediate health consequences, a poor diet can contribute to poor health throughout an individual\'s life and eventually lead to conditions like obesity and heart disease.</p><p>The goal of the 21st Annual Spears Foundation Conference on Health is to foster the awareness and early prevention of improper childhood nutrition within the field of healthcare.</p>','The word promoting in paragraph 2, line 1, is closest in meaning to:','',3),(62,NULL,NULL,'2022-04-18 21:50:13.053000','admin','They may be able to negotiate better work situations.','They need to be flexible in their requirements.','They should not expect conditions to change soon.','They may be able to negotiate better work situations.','They can get the best jobs through recruiting and staffing firms','<p><b>Best Cities For Tech Workers</b></p><p>According to DataQuest\'s latest figures, the best jobs in technology are located in eight metropolitan areas: New York, San Francisco, Atlanta, Seattle, Portland, San Diego, Houston, and Philadelphia. DataQuest first began collecting this data five years ago. The list of top-tech cities has changed since then, but demand for tech workers has not - it has risen by twenty-five percent. If you are pursuing a career in technology, but do not live in or near one of the top-tech cities, there is still plenty of opportunity.</p> <p>Matthew Martinez, CEO of NetStaff, a high-tech staffing firm with offices around the country, said that the companies his company recruits for are always looking for more employees with tech expertise. According to Martinez, \"For most areas it is currently an \'employees market,\' meaning that many employees in technology are able to pick and choose their jobs, ask for better benefits, and arrange flexible work schedules.</p>','What does Matthew Martinez imply about tech workers in the current job market?','',3),(63,NULL,NULL,'2022-04-18 21:50:22.317000','admin','It has risen by 25 percent over the past five years.','It has continued to decline.','It has been concentrated in 8 major areas.','It has risen by 25 percent over the past five years.','It has influenced the development of the top-tech cities.','<p><b>Best Cities For Tech Workers</b></p><p>According to DataQuest\'s latest figures, the best jobs in technology are located in eight metropolitan areas: New York, San Francisco, Atlanta, Seattle, Portland, San Diego, Houston, and Philadelphia. DataQuest first began collecting this data five years ago. The list of top-tech cities has changed since then, but demand for tech workers has not - it has risen by twenty-five percent. If you are pursuing a career in technology, but do not live in or near one of the top-tech cities, there is still plenty of opportunity.</p> <p>Matthew Martinez, CEO of NetStaff, a high-tech staffing firm with offices around the country, said that the companies his company recruits for are always looking for more employees with tech expertise. According to Martinez, \"For most areas it is currently an \'employees market,\' meaning that many employees in technology are able to pick and choose their jobs, ask for better benefits, and arrange flexible work schedules.</p>','What is said about demand for tech workers?','',3),(64,NULL,NULL,'2022-04-18 21:50:29.358000','admin','Chicago','Atlanta','Houston','Seattle','Chicago','<p><b>Best Cities For Tech Workers</b></p><p>According to DataQuest\'s latest figures, the best jobs in technology are located in eight metropolitan areas: New York, San Francisco, Atlanta, Seattle, Portland, San Diego, Houston, and Philadelphia. DataQuest first began collecting this data five years ago. The list of top-tech cities has changed since then, but demand for tech workers has not - it has risen by twenty-five percent. If you are pursuing a career in technology, but do not live in or near one of the top-tech cities, there is still plenty of opportunity.</p> <p>Matthew Martinez, CEO of NetStaff, a high-tech staffing firm with offices around the country, said that the companies his company recruits for are always looking for more employees with tech expertise. According to Martinez, \"For most areas it is currently an \'employees market,\' meaning that many employees in technology are able to pick and choose their jobs, ask for better benefits, and arrange flexible work schedules.</p>','According to the passage, which of the following is NOT one of the top-tech cities?','',3),(65,NULL,NULL,'2022-04-18 21:51:02.178000','admin','14 days','7 days','14 days','28 days','30 days','<p><b>Receipt</b></p><p>November 9, 20-- Tony Parker</p><p>http://www.kramerstores.com Kramer Retail Stores Amerton Mall 41 West Amerton Parkway Ross Park, KS www.kramerstores.com/amertonmall</p><p>Book Retail Receipt Item: Future Oriented Investment Strategies RF#: 2011CL0956 Total: $21.98 Payment Type: Credit Card Authorization Code: XXXXXXXXXXX028 Confirmation Number: 21PLTR4</p><p>All returns must be made within 14 days. Receipt is required for refund. Without receipt, only store credit can be given.</p>','How long does Tony Parker have to return his purchase?','',3),(66,NULL,NULL,'2022-04-18 21:51:13.841000','admin','A book','A CD','Food','A book','Clothing','<p><b>Receipt</b></p><p>November 9, 20-- Tony Parker</p><p>http://www.kramerstores.com Kramer Retail Stores Amerton Mall 41 West Amerton Parkway Ross Park, KS www.kramerstores.com/amertonmall</p><p>Book Retail Receipt Item: Future Oriented Investment Strategies RF#: 2011CL0956 Total: $21.98 Payment Type: Credit Card Authorization Code: XXXXXXXXXXX028 Confirmation Number: 21PLTR4</p><p>All returns must be made within 14 days. Receipt is required for refund. Without receipt, only store credit can be given.</p>','What did Tony Parker purchase?','',3),(67,NULL,NULL,'2022-04-18 21:51:22.790000','admin','$21.98','$20.11','$21.45','$21.98','$28.04','<p><b>Receipt</b></p><p>November 9, 20-- Tony Parker</p><p>http://www.kramerstores.com Kramer Retail Stores Amerton Mall 41 West Amerton Parkway Ross Park, KS www.kramerstores.com/amertonmall</p><p>Book Retail Receipt Item: Future Oriented Investment Strategies RF#: 2011CL0956 Total: $21.98 Payment Type: Credit Card Authorization Code: XXXXXXXXXXX028 Confirmation Number: 21PLTR4</p><p>All returns must be made within 14 days. Receipt is required for refund. Without receipt, only store credit can be given.</p>','How much did Tony Parker pay for his purchase?','',3),(68,NULL,NULL,'2022-04-18 21:51:32.412000','admin','Credit card','Cash','Credit card','Bill','Coin','<p><b>Receipt</b></p><p>November 9, 20-- Tony Parker</p><p>http://www.kramerstores.com Kramer Retail Stores Amerton Mall 41 West Amerton Parkway Ross Park, KS www.kramerstores.com/amertonmall</p><p>Book Retail Receipt Item: Future Oriented Investment Strategies RF#: 2011CL0956 Total: $21.98 Payment Type: Credit Card Authorization Code: XXXXXXXXXXX028 Confirmation Number: 21PLTR4</p><p>All returns must be made within 14 days. Receipt is required for refund. Without receipt, only store credit can be given.</p>','What is type of payment?','',3),(69,NULL,NULL,NULL,NULL,'It is the largest the BRC has ever received.','It is for more than $1 million.','It is an extension of an existing grant.','It is awarded by the Bridgeport Revitalization Committee.','It is the largest the BRC has ever received.','<p>The Bridgeport Revitalization Committee(BRC) 13 Robin Way Bridgeport, MA 02126</p><p>Kevin Taylor 203 8th Avenue Bridgeport, MA 02133</p><p>Dear Mr. Taylor,</p><p>I am excited to announce to our members that we have received a $750,000 grant from the Roger Coopers Foundation for our City Renovation Project.</p><p>The City Renovation Project focuses on the downtown area of Bridgeport, between First Avenue and Lincoln Way. We will begin by redesigning Baten Park and the pedestrian walkways to create a more inviting space for shoppers and workers on their lunch breaks.</p><p>This grant is the largest we have ever received, and we are excited about the work it will allow us to accomplish.</p><p>We look forward to improving the quality of life in our city through great design!</p><p>Denise LeBaron.</p>','What is true about the grant?',NULL,3),(70,NULL,NULL,NULL,NULL,'Redesign a park','Build a museum','Redesign a park','Expand the highway network','Create worker training programs.','<p>The Bridgeport Revitalization Committee(BRC) 13 Robin Way Bridgeport, MA 02126</p><p>Kevin Taylor 203 8th Avenue Bridgeport, MA 02133</p><p>Dear Mr. Taylor,</p><p>I am excited to announce to our members that we have received a $750,000 grant from the Roger Coopers Foundation for our City Renovation Project.</p><p>The City Renovation Project focuses on the downtown area of Bridgeport, between First Avenue and Lincoln Way. We will begin by redesigning Baten Park and the pedestrian walkways to create a more inviting space for shoppers and workers on their lunch breaks.</p><p>This grant is the largest we have ever received, and we are excited about the work it will allow us to accomplish.</p><p>We look forward to improving the quality of life in our city through great design!</p><p>Denise LeBaron.</p>','What will the BRC use the grant money to do?',NULL,3),(71,NULL,NULL,NULL,NULL,'He is a member of the BRC.','He is a member of the BRC.','He works for Denise LeBaron.','He lives between First Avenue and Lincoln Way.','He is on the board of the Roger Coopers Foundation.','<p>The Bridgeport Revitalization Committee(BRC) 13 Robin Way Bridgeport, MA 02126</p><p>Kevin Taylor 203 8th Avenue Bridgeport, MA 02133</p><p>Dear Mr. Taylor,</p><p>I am excited to announce to our members that we have received a $750,000 grant from the Roger Coopers Foundation for our City Renovation Project.</p><p>The City Renovation Project focuses on the downtown area of Bridgeport, between First Avenue and Lincoln Way. We will begin by redesigning Baten Park and the pedestrian walkways to create a more inviting space for shoppers and workers on their lunch breaks.</p><p>This grant is the largest we have ever received, and we are excited about the work it will allow us to accomplish.</p><p>We look forward to improving the quality of life in our city through great design!</p><p>Denise LeBaron.</p>','What can be inferred about Mr. Taylor?',NULL,3),(72,NULL,NULL,NULL,NULL,'To water parks and other landscaping','To fill city-owned swimming pools','To irrigate local farms and orchards','To water parks and other landscaping','To supplement the city\'s drinking water supply.','<p><b>The Stemeresch Water Treatment Plant</b></p><p>It is the goal of the Stemeresch Water Treatment Plant to keep the Stemeresch River, the streams that flow into it, and our entire water supply as clean and healthy as possible. We want the people who live in San Realto Township and the visitors to this great city to enjoy all we have to offer, from parks and shopping, to golf courses and swimming pools. None of this would be possible without our water supply.</p><p>Each month, the Stemeresch Water Treatment Plant reclaims about a quarter of the water that passes through the plant(about 1.0 million gallons) and uses it to irrigate landscaping for the city\'s parks and recreation areas. Additionally, all so-called biosolids that are removed from the wastewater process are dried and tested to make sure they meet Class A requirements, which means the solids can be recycled as fertilizer.</p><p><b>The Mission of the Water Pollution Administration is to efficiently, effectively, and professionally:</b></p><p>* collect and treat wastewater <br>* recycle biosolids responsibly <br>* protect the health and safety of the local community <br>* protect the water quality of the Stemeresch River and streams <br>* supplement the water supply with recycled water for park irrigation <br>* promote discussion about water treatment and conservation with the public.</p>','How is the reclaimed water from the Stemeresch Water Treatment Plant used?',NULL,3),(73,NULL,NULL,NULL,NULL,'1.0','1.0','2.0','4.0','5.2','<p><b>The Stemeresch Water Treatment Plant</b></p><p>It is the goal of the Stemeresch Water Treatment Plant to keep the Stemeresch River, the streams that flow into it, and our entire water supply as clean and healthy as possible. We want the people who live in San Realto Township and the visitors to this great city to enjoy all we have to offer, from parks and shopping, to golf courses and swimming pools. None of this would be possible without our water supply.</p><p>Each month, the Stemeresch Water Treatment Plant reclaims about a quarter of the water that passes through the plant(about 1.0 million gallons) and uses it to irrigate landscaping for the city\'s parks and recreation areas. Additionally, all so-called biosolids that are removed from the wastewater process are dried and tested to make sure they meet Class A requirements, which means the solids can be recycled as fertilizer.</p><p><b>The Mission of the Water Pollution Administration is to efficiently, effectively, and professionally:</b></p><p>* collect and treat wastewater <br>* recycle biosolids responsibly <br>* protect the health and safety of the local community <br>* protect the water quality of the Stemeresch River and streams <br>* supplement the water supply with recycled water for park irrigation <br>* promote discussion about water treatment and conservation with the public.</p>','How many millions of gallons of water does the plant claim to recycle each month?',NULL,3),(74,NULL,NULL,NULL,NULL,'Near a river','Near a pond','Near a lake','Near the sea','Near a river','<p><b>The Stemeresch Water Treatment Plant</b></p><p>It is the goal of the Stemeresch Water Treatment Plant to keep the Stemeresch River, the streams that flow into it, and our entire water supply as clean and healthy as possible. We want the people who live in San Realto Township and the visitors to this great city to enjoy all we have to offer, from parks and shopping, to golf courses and swimming pools. None of this would be possible without our water supply.</p><p>Each month, the Stemeresch Water Treatment Plant reclaims about a quarter of the water that passes through the plant(about 1.0 million gallons) and uses it to irrigate landscaping for the city\'s parks and recreation areas. Additionally, all so-called biosolids that are removed from the wastewater process are dried and tested to make sure they meet Class A requirements, which means the solids can be recycled as fertilizer.</p><p><b>The Mission of the Water Pollution Administration is to efficiently, effectively, and professionally:</b></p><p>* collect and treat wastewater <br>* recycle biosolids responsibly <br>* protect the health and safety of the local community <br>* protect the water quality of the Stemeresch River and streams <br>* supplement the water supply with recycled water for park irrigation <br>* promote discussion about water treatment and conservation with the public.</p>','Where is the Stemeresch Water Treatment Plant most likely located?',NULL,3),(75,NULL,NULL,NULL,NULL,'To recycle biosolids','To recycle biosolids','To educate the public','To create job opportunities','To test the township water supply.','<p><b>The Stemeresch Water Treatment Plant</b></p><p>It is the goal of the Stemeresch Water Treatment Plant to keep the Stemeresch River, the streams that flow into it, and our entire water supply as clean and healthy as possible. We want the people who live in San Realto Township and the visitors to this great city to enjoy all we have to offer, from parks and shopping, to golf courses and swimming pools. None of this would be possible without our water supply.</p><p>Each month, the Stemeresch Water Treatment Plant reclaims about a quarter of the water that passes through the plant(about 1.0 million gallons) and uses it to irrigate landscaping for the city\'s parks and recreation areas. Additionally, all so-called biosolids that are removed from the wastewater process are dried and tested to make sure they meet Class A requirements, which means the solids can be recycled as fertilizer.</p><p><b>The Mission of the Water Pollution Administration is to efficiently, effectively, and professionally:</b></p><p>* collect and treat wastewater <br>* recycle biosolids responsibly <br>* protect the health and safety of the local community <br>* protect the water quality of the Stemeresch River and streams <br>* supplement the water supply with recycled water for park irrigation <br>* promote discussion about water treatment and conservation with the public.</p>','Which of the following is a stated goal of the Stemeresch Water Treatment Plant?',NULL,3),(76,NULL,NULL,NULL,NULL,'Excellent communication skills','A strong work ethic','Problem-solving skills','Ability to work on teams','Excellent communication skills','<p>Jared O\'Connor 1205 Coconut Road Ft. Lauderdale, FL 33028</p><p>April 14 20&mdash;</p><p>Mr. Bradley Chang Director of Human Resources Utmost.com 9225 Perry Avenue, Suite 302 Ft. Lauderdale, FL 33028</p><p>Dear Mr. Chang,</p><p>I am writing to thank you for the time you took to discuss the technical support manager position at Utmost.com with me. I really enjoyed learning more about the position and the company\'s operations.</p><p>I also enjoyed the opportunity to meet and observe your employees; I was impressed by the excitement and enthusiasm they had for their jobs, and for the company as a whole. It is no wonder that Utmost.com has been so successful.</p><p>I would like to confirm my strong interest in the position. I feel I would be a good fit. I have a strong work ethic, I enjoy working in teams, and I am a creative problem-solver.</p><p>I look forward to hearing from you about the position. If you have any additional questions please do not hesitate to call me.</p><p>Sincerely,</p><p>Jared O\'Connor.</p>','Which of the following is NOT a characteristic that Jared O\'Connor claims to have?',NULL,3),(77,NULL,NULL,NULL,NULL,'They contribute to the company\'s success.','They are highly skilled.','They do not require much supervision.','They do not all work in the same office.','They contribute to the company\'s success.','<p>Jared O\'Connor 1205 Coconut Road Ft. Lauderdale, FL 33028</p><p>April 14 20&mdash;</p><p>Mr. Bradley Chang Director of Human Resources Utmost.com 9225 Perry Avenue, Suite 302 Ft. Lauderdale, FL 33028</p><p>Dear Mr. Chang,</p><p>I am writing to thank you for the time you took to discuss the technical support manager position at Utmost.com with me. I really enjoyed learning more about the position and the company\'s operations.</p><p>I also enjoyed the opportunity to meet and observe your employees; I was impressed by the excitement and enthusiasm they had for their jobs, and for the company as a whole. It is no wonder that Utmost.com has been so successful.</p><p>I would like to confirm my strong interest in the position. I feel I would be a good fit. I have a strong work ethic, I enjoy working in teams, and I am a creative problem-solver.</p><p>I look forward to hearing from you about the position. If you have any additional questions please do not hesitate to call me.</p><p>Sincerely,</p><p>Jared O\'Connor.</p>','What does Jared O\'Connor imply about the Utmost.com employees?',NULL,3),(78,NULL,NULL,NULL,NULL,'He observed employees doing their jobs.','He attended a meeting with a client.','He was asked to give a presentation.','He observed employees doing their jobs.','He took a test to demonstrate his technical skills','<p>Jared O\'Connor 1205 Coconut Road Ft. Lauderdale, FL 33028</p><p>April 14 20&mdash;</p><p>Mr. Bradley Chang Director of Human Resources Utmost.com 9225 Perry Avenue, Suite 302 Ft. Lauderdale, FL 33028</p><p>Dear Mr. Chang,</p><p>I am writing to thank you for the time you took to discuss the technical support manager position at Utmost.com with me. I really enjoyed learning more about the position and the company\'s operations.</p><p>I also enjoyed the opportunity to meet and observe your employees; I was impressed by the excitement and enthusiasm they had for their jobs, and for the company as a whole. It is no wonder that Utmost.com has been so successful.</p><p>I would like to confirm my strong interest in the position. I feel I would be a good fit. I have a strong work ethic, I enjoy working in teams, and I am a creative problem-solver.</p><p>I look forward to hearing from you about the position. If you have any additional questions please do not hesitate to call me.</p><p>Sincerely,</p><p>Jared O\'Connor.</p>','According to the letter, what probably happened during Jared O\'Connor\'s interview?',NULL,3),(79,NULL,NULL,NULL,NULL,'Technical support manager','Technical support manager','Director of human resources','Customer service team member','Digital information specialist','<p>Jared O\'Connor 1205 Coconut Road Ft. Lauderdale, FL 33028</p><p>April 14 20&mdash;</p><p>Mr. Bradley Chang Director of Human Resources Utmost.com 9225 Perry Avenue, Suite 302 Ft. Lauderdale, FL 33028</p><p>Dear Mr. Chang,</p><p>I am writing to thank you for the time you took to discuss the technical support manager position at Utmost.com with me. I really enjoyed learning more about the position and the company\'s operations.</p><p>I also enjoyed the opportunity to meet and observe your employees; I was impressed by the excitement and enthusiasm they had for their jobs, and for the company as a whole. It is no wonder that Utmost.com has been so successful.</p><p>I would like to confirm my strong interest in the position. I feel I would be a good fit. I have a strong work ethic, I enjoy working in teams, and I am a creative problem-solver.</p><p>I look forward to hearing from you about the position. If you have any additional questions please do not hesitate to call me.</p><p>Sincerely,</p><p>Jared O\'Connor.</p>','For what job is Jared O\'Connor being considered?',NULL,3),(80,NULL,NULL,'2022-04-18 21:51:57.731000','admin','grouped.','merged','thought','growing','grouped.','<p><b>The US Hardware Manufacturing Sector</b></p><p>The hardware manufacturing sector in the United States generated $3.08 billion in sales last year. The industry currently employs approximately 18,000 people, nearly 15,000 of whom are engaged in production.   During the 1980s and 1990s, large corporations began to acquire smaller firms. For example, Twin Falls Hardware, long the number-two company in the industry in terms of sales, acquired eight companies between 1986 and 1993, further reinforcing its position.</p><p>In 1995, two large hardware manufacturers, Gator Inc. and Kairn Corporation, merged to form Kairn Holdings, an arrangement profitable for both companies. Kairn Holdings was the leading hardware manufacturer in the United States in 1998, and continues to be a market leader.</p><p>The majority of companies in the hardware manufacturing sector are privately owned. The industry is concentrated in the Southeastern United States, with over 40 percent of shipments originating there</p>','The word concentrated in paragraph 4, line 2, is closest in meaning to:','',3),(81,NULL,NULL,'2022-04-18 21:52:04.491000','admin','It was formed from a merger.','It was formed from a merger.','It was a market leader in 1995.','It was the most profitable manufacturer in 1999.','It was previously known as the Gator Corporation','<p><b>The US Hardware Manufacturing Sector</b></p><p>The hardware manufacturing sector in the United States generated $3.08 billion in sales last year. The industry currently employs approximately 18,000 people, nearly 15,000 of whom are engaged in production.   During the 1980s and 1990s, large corporations began to acquire smaller firms. For example, Twin Falls Hardware, long the number-two company in the industry in terms of sales, acquired eight companies between 1986 and 1993, further reinforcing its position.</p><p>In 1995, two large hardware manufacturers, Gator Inc. and Kairn Corporation, merged to form Kairn Holdings, an arrangement profitable for both companies. Kairn Holdings was the leading hardware manufacturer in the United States in 1998, and continues to be a market leader.</p><p>The majority of companies in the hardware manufacturing sector are privately owned. The industry is concentrated in the Southeastern United States, with over 40 percent of shipments originating there</p>','What is learned about Kairn Holdings?','',3),(82,NULL,NULL,'2022-04-18 21:52:10.910000','admin','It has the industry\'s second-largest sales volume.','It plans to double its employees.','It has expanded the types of items it produces.','It has the industry\'s second-largest sales volume.','It recently purchased a new manufacturing facility','<p><b>The US Hardware Manufacturing Sector</b></p><p>The hardware manufacturing sector in the United States generated $3.08 billion in sales last year. The industry currently employs approximately 18,000 people, nearly 15,000 of whom are engaged in production.   During the 1980s and 1990s, large corporations began to acquire smaller firms. For example, Twin Falls Hardware, long the number-two company in the industry in terms of sales, acquired eight companies between 1986 and 1993, further reinforcing its position.</p><p>In 1995, two large hardware manufacturers, Gator Inc. and Kairn Corporation, merged to form Kairn Holdings, an arrangement profitable for both companies. Kairn Holdings was the leading hardware manufacturer in the United States in 1998, and continues to be a market leader.</p><p>The majority of companies in the hardware manufacturing sector are privately owned. The industry is concentrated in the Southeastern United States, with over 40 percent of shipments originating there</p>','What is learned about Twin Falls Hardware?','',3),(83,NULL,NULL,'2022-04-18 21:52:17.570000','admin','Large corporations acquired smaller ones.','Sales topped $3 billion annually.','Large corporations acquired smaller ones.','Privately-owned firms became more powerful.','Quality control procedures led to increased efficiency.','<p><b>The US Hardware Manufacturing Sector</b></p><p>The hardware manufacturing sector in the United States generated $3.08 billion in sales last year. The industry currently employs approximately 18,000 people, nearly 15,000 of whom are engaged in production.   During the 1980s and 1990s, large corporations began to acquire smaller firms. For example, Twin Falls Hardware, long the number-two company in the industry in terms of sales, acquired eight companies between 1986 and 1993, further reinforcing its position.</p><p>In 1995, two large hardware manufacturers, Gator Inc. and Kairn Corporation, merged to form Kairn Holdings, an arrangement profitable for both companies. Kairn Holdings was the leading hardware manufacturer in the United States in 1998, and continues to be a market leader.</p><p>The majority of companies in the hardware manufacturing sector are privately owned. The industry is concentrated in the Southeastern United States, with over 40 percent of shipments originating there</p>','According to the passage, what happened in the US hardware manufacturing sector during the 1980s and 1990s?','',3),(84,NULL,NULL,NULL,NULL,'It is near a high school.','It is near a high school.','It floods often due to storms.','It does not have reflective markers.','It has been the scene of several accidents','<p>Passage 1:</p><p>Street Maintenance, McFarlen, MN</p><p>To report problems with street maintenance please call the public works department at 341-472-3680 during our normal office hours: 7:00 a.m. - 4:00 p.m. After hours, please leave a message on the Public Works Hotline at 341-472-3600, or e-mail the public works department at maintenance@mcfarlendpw.gov. In case of an emergency, please contact the McFarlen Police Department at 341-472-3000.</p>','What is learned about the corner of Cherry Street and Tenth Avenue?',NULL,3),(85,NULL,NULL,NULL,NULL,'A fallen stop sign','A pothole','A flooded street','A fallen stop sign','A damaged guardrail.','<p>Passage 1:</p><p>Street Maintenance, McFarlen, MN</p><p>To report problems with street maintenance please call the public works department at 341-472-3680 during our normal office hours: 7:00 a.m. - 4:00 p.m. After hours, please leave a message on the Public Works Hotline at 341-472-3600, or e-mail the public works department at maintenance@mcfarlendpw.gov. In case of an emergency, please contact the McFarlen Police Department at 341-472-3000.</p>','What does Becky Price report?',NULL,3),(86,NULL,NULL,NULL,NULL,'There was a storm.','There was a storm.','A meeting was held.','There was a car accident.','A road maintenance crew arrived.','<p>Passage 1:</p><p>Street Maintenance, McFarlen, MN</p><p>To report problems with street maintenance please call the public works department at 341-472-3680 during our normal office hours: 7:00 a.m. - 4:00 p.m. After hours, please leave a message on the Public Works Hotline at 341-472-3600, or e-mail the public works department at maintenance@mcfarlendpw.gov. In case of an emergency, please contact the McFarlen Police Department at 341-472-3000.</p>','According to Becky Price, what happened the previous night?',NULL,3),(87,NULL,NULL,NULL,NULL,'341-472-3600','341-472-3000','341-472-3600','341-472-3680','742-488-3126.','<p>Passage 1:</p><p>Street Maintenance, McFarlen, MN</p><p>To report problems with street maintenance please call the public works department at 341-472-3680 during our normal office hours: 7:00 a.m. - 4:00 p.m. After hours, please leave a message on the Public Works Hotline at 341-472-3600, or e-mail the public works department at maintenance@mcfarlendpw.gov. In case of an emergency, please contact the McFarlen Police Department at 341-472-3000.</p>','Which number should be called to report a nonemergency situation outside of normal work hours?',NULL,3),(88,NULL,NULL,NULL,NULL,'Newark','Newark','Chicago','Phoenix','Cincinnati.','<p>Passage 1:</p><p>New Travel Statistics Released</p><p>U.S. airline passengers last year arrived late to their destinations and lost their luggage more often than passengers in previous years, yet complained less frequently, according to statistics released last Friday by the U.S. Department of Air Transportation.</p><p>According to the department\'s report, 75 percent of all passenger airplanes last year failed to arrive on time. Airplanes the previous year had a 77 percent on-time arrival rate. Additionally, there were 6.7 reports of lost or damaged baggage for every 1,000 passengers, up from 6.6 reports per 1,000 the previous year. That statistic has risen steadily since 2002.</p><p>Among national carriers, Colorado Airlines and SkyClear Air had the lowest rates of mishandled baggage, while Northeast Atlantic and BTB Airlines reported the highest. The report also found that Colorado and Limitless Air had the highest on-time arrival rates, while the lowest were recorded by JetHigh Air and Skyward Air.</p><p> ------------------------------------------------------------------------------------------------------------ </p><p> Passage 2:</p><p>Best airports for on-time arrivals: </p><p>----------------------------------------------</p> Percentage of on-time arrivals: Cincinnati 83.14 Salt Lake City 82.82 Phoenix 80.27</p><p>Best airports for on-time departures:</p><p>----------------------------------------------</p>Percentage of on-time departures: Salt Lake City 85.68 Cincinnati 84.48 San Diego 82.42</p><p>Worst airports for on-time arrivals:</p><p>----------------------------------------------</p>Percentage of on-time arrivals: Newark 62.56 New York City 64.16 Chicago 68.23</p><p>Worst airports for on-time departures: </p><p>---------------------------------------------- </p><p>Percentage of on-time departures: Chicago 68.84 Atlanta 71.61 Newark 71.87</p>','Which airport reported the worst on-time arrival rate?',NULL,3),(89,NULL,NULL,NULL,NULL,'85.68.','62.56','68.84','83.14','85.68.','<p>Passage 1:</p><p>New Travel Statistics Released</p><p>U.S. airline passengers last year arrived late to their destinations and lost their luggage more often than passengers in previous years, yet complained less frequently, according to statistics released last Friday by the U.S. Department of Air Transportation.</p><p>According to the department\'s report, 75 percent of all passenger airplanes last year failed to arrive on time. Airplanes the previous year had a 77 percent on-time arrival rate. Additionally, there were 6.7 reports of lost or damaged baggage for every 1,000 passengers, up from 6.6 reports per 1,000 the previous year. That statistic has risen steadily since 2002.</p><p>Among national carriers, Colorado Airlines and SkyClear Air had the lowest rates of mishandled baggage, while Northeast Atlantic and BTB Airlines reported the highest. The report also found that Colorado and Limitless Air had the highest on-time arrival rates, while the lowest were recorded by JetHigh Air and Skyward Air.</p><p> ------------------------------------------------------------------------------------------------------------ </p><p> Passage 2:</p><p>Best airports for on-time arrivals: </p><p>----------------------------------------------</p> Percentage of on-time arrivals: Cincinnati 83.14 Salt Lake City 82.82 Phoenix 80.27</p><p>Best airports for on-time departures:</p><p>----------------------------------------------</p>Percentage of on-time departures: Salt Lake City 85.68 Cincinnati 84.48 San Diego 82.42</p><p>Worst airports for on-time arrivals:</p><p>----------------------------------------------</p>Percentage of on-time arrivals: Newark 62.56 New York City 64.16 Chicago 68.23</p><p>Worst airports for on-time departures: </p><p>---------------------------------------------- </p><p>Percentage of on-time departures: Chicago 68.84 Atlanta 71.61 Newark 71.87</p>','What was reported as the highest percentage rate for on- time departures?',NULL,3),(90,NULL,NULL,NULL,NULL,'It was better than most of its rivals in several categories','It had problems in several areas.','It reported the fewest customer complaints.','It had more passengers than most other airlines. ','It was better than most of its rivals in several categories','<p>Passage 1:</p><p>New Travel Statistics Released</p><p>U.S. airline passengers last year arrived late to their destinations and lost their luggage more often than passengers in previous years, yet complained less frequently, according to statistics released last Friday by the U.S. Department of Air Transportation.</p><p>According to the department\'s report, 75 percent of all passenger airplanes last year failed to arrive on time. Airplanes the previous year had a 77 percent on-time arrival rate. Additionally, there were 6.7 reports of lost or damaged baggage for every 1,000 passengers, up from 6.6 reports per 1,000 the previous year. That statistic has risen steadily since 2002.</p><p>Among national carriers, Colorado Airlines and SkyClear Air had the lowest rates of mishandled baggage, while Northeast Atlantic and BTB Airlines reported the highest. The report also found that Colorado and Limitless Air had the highest on-time arrival rates, while the lowest were recorded by JetHigh Air and Skyward Air.</p><p> ------------------------------------------------------------------------------------------------------------ </p><p> Passage 2:</p><p>Best airports for on-time arrivals: </p><p>----------------------------------------------</p> Percentage of on-time arrivals: Cincinnati 83.14 Salt Lake City 82.82 Phoenix 80.27</p><p>Best airports for on-time departures:</p><p>----------------------------------------------</p>Percentage of on-time departures: Salt Lake City 85.68 Cincinnati 84.48 San Diego 82.42</p><p>Worst airports for on-time arrivals:</p><p>----------------------------------------------</p>Percentage of on-time arrivals: Newark 62.56 New York City 64.16 Chicago 68.23</p><p>Worst airports for on-time departures: </p><p>---------------------------------------------- </p><p>Percentage of on-time departures: Chicago 68.84 Atlanta 71.61 Newark 71.87</p>','What is implied about Colorado Air?',NULL,3),(91,NULL,NULL,NULL,NULL,'SkyClear Air','JetHigh Air','BTB Airlines','SkyClear Air','Northeast Atlantic','<p>Passage 1:</p><p>New Travel Statistics Released</p><p>U.S. airline passengers last year arrived late to their destinations and lost their luggage more often than passengers in previous years, yet complained less frequently, according to statistics released last Friday by the U.S. Department of Air Transportation.</p><p>According to the department\'s report, 75 percent of all passenger airplanes last year failed to arrive on time. Airplanes the previous year had a 77 percent on-time arrival rate. Additionally, there were 6.7 reports of lost or damaged baggage for every 1,000 passengers, up from 6.6 reports per 1,000 the previous year. That statistic has risen steadily since 2002.</p><p>Among national carriers, Colorado Airlines and SkyClear Air had the lowest rates of mishandled baggage, while Northeast Atlantic and BTB Airlines reported the highest. The report also found that Colorado and Limitless Air had the highest on-time arrival rates, while the lowest were recorded by JetHigh Air and Skyward Air.</p><p> ------------------------------------------------------------------------------------------------------------ </p><p> Passage 2:</p><p>Best airports for on-time arrivals: </p><p>----------------------------------------------</p> Percentage of on-time arrivals: Cincinnati 83.14 Salt Lake City 82.82 Phoenix 80.27</p><p>Best airports for on-time departures:</p><p>----------------------------------------------</p>Percentage of on-time departures: Salt Lake City 85.68 Cincinnati 84.48 San Diego 82.42</p><p>Worst airports for on-time arrivals:</p><p>----------------------------------------------</p>Percentage of on-time arrivals: Newark 62.56 New York City 64.16 Chicago 68.23</p><p>Worst airports for on-time departures: </p><p>---------------------------------------------- </p><p>Percentage of on-time departures: Chicago 68.84 Atlanta 71.61 Newark 71.87</p>','Which of the following airlines reported the fewest mishandled bags?',NULL,3),(92,NULL,NULL,NULL,NULL,'The number of lost or damaged bags','The number of late arrivals','The number of airline passengers','The number of lost or damaged bags','The number of passenger complaints.','<p>Passage 1:</p><p>New Travel Statistics Released</p><p>U.S. airline passengers last year arrived late to their destinations and lost their luggage more often than passengers in previous years, yet complained less frequently, according to statistics released last Friday by the U.S. Department of Air Transportation.</p><p>According to the department\'s report, 75 percent of all passenger airplanes last year failed to arrive on time. Airplanes the previous year had a 77 percent on-time arrival rate. Additionally, there were 6.7 reports of lost or damaged baggage for every 1,000 passengers, up from 6.6 reports per 1,000 the previous year. That statistic has risen steadily since 2002.</p><p>Among national carriers, Colorado Airlines and SkyClear Air had the lowest rates of mishandled baggage, while Northeast Atlantic and BTB Airlines reported the highest. The report also found that Colorado and Limitless Air had the highest on-time arrival rates, while the lowest were recorded by JetHigh Air and Skyward Air.</p><p> ------------------------------------------------------------------------------------------------------------ </p><p> Passage 2:</p><p>Best airports for on-time arrivals: </p><p>----------------------------------------------</p> Percentage of on-time arrivals: Cincinnati 83.14 Salt Lake City 82.82 Phoenix 80.27</p><p>Best airports for on-time departures:</p><p>----------------------------------------------</p>Percentage of on-time departures: Salt Lake City 85.68 Cincinnati 84.48 San Diego 82.42</p><p>Worst airports for on-time arrivals:</p><p>----------------------------------------------</p>Percentage of on-time arrivals: Newark 62.56 New York City 64.16 Chicago 68.23</p><p>Worst airports for on-time departures: </p><p>---------------------------------------------- </p><p>Percentage of on-time departures: Chicago 68.84 Atlanta 71.61 Newark 71.87</p>','What statistic has risen annually since 2002?',NULL,3),(93,NULL,NULL,NULL,NULL,'By visiting a Web page','By filling out a form','By visiting a Web page','By e-mailing customer service','By calling a customer service hotline','<p>Passage 1:</p><p>From: Kenan Beauchamp [kbchamp@webexec.net] To: Customer Service [customer.service@hucnv.com] Subject: December bill request Date: January 11</p><p>To Whom It May Concern:</p><p>My account with Henderson Utilities Company is set up such that my monthly utility bills are directly deducted from my checking account. I noticed this month that $187.33 had been deducted from my account for utilities. Since becoming a customer of HUC, my monthly utility bill has never exceeded $150. Since I never received a paper bill from you, I\'d like to request a copy of the bill to ensure that I was not overcharged for any services. Thank you.</p><p>Sincerely,</p><p>Kenan Beauchamp.<p> ------------------------------------------------------------------------------------------------------------------------------ </p><p>Passage 2:</p><p>Henderson Utilities Company 43 Warm Springs Road Henderson, Nevada 89014 (702) 493-4343</p><p>Account number: 920-53-10332 Name: Kenan Beauchamp Address: 19 Galleria Drive Henderson, Nevada 89002 Billing period: December 7 - January 7 Due date: January 23 Total amount due: $187.33</p><p>Water: $31.87 Electricity: $42.11 Gas: $113.35</p><p>* Open an online billing account today to have your bills delivered to your e-mail account. With online billing, you can also pay your bills online. To sign up for an account, visit www.x.com/onlinebill.</p>','According to the bill, how can customers pay their bills online?',NULL,3),(94,NULL,NULL,NULL,NULL,'$42.11','$31.87','$42.11','$113.35','$187.33','<p>Passage 1:</p><p>From: Kenan Beauchamp [kbchamp@webexec.net] To: Customer Service [customer.service@hucnv.com] Subject: December bill request Date: January 11</p><p>To Whom It May Concern:</p><p>My account with Henderson Utilities Company is set up such that my monthly utility bills are directly deducted from my checking account. I noticed this month that $187.33 had been deducted from my account for utilities. Since becoming a customer of HUC, my monthly utility bill has never exceeded $150. Since I never received a paper bill from you, I\'d like to request a copy of the bill to ensure that I was not overcharged for any services. Thank you.</p><p>Sincerely,</p><p>Kenan Beauchamp.<p> ------------------------------------------------------------------------------------------------------------------------------ </p><p>Passage 2:</p><p>Henderson Utilities Company 43 Warm Springs Road Henderson, Nevada 89014 (702) 493-4343</p><p>Account number: 920-53-10332 Name: Kenan Beauchamp Address: 19 Galleria Drive Henderson, Nevada 89002 Billing period: December 7 - January 7 Due date: January 23 Total amount due: $187.33</p><p>Water: $31.87 Electricity: $42.11 Gas: $113.35</p><p>* Open an online billing account today to have your bills delivered to your e-mail account. With online billing, you can also pay your bills online. To sign up for an account, visit www.x.com/onlinebill.</p>','How much was Mr. Beauchamp charged for electricity?',NULL,3),(95,NULL,NULL,NULL,NULL,'January 23.','December 7','January 7','January 11','January 23.','<p>Passage 1:</p><p>From: Kenan Beauchamp [kbchamp@webexec.net] To: Customer Service [customer.service@hucnv.com] Subject: December bill request Date: January 11</p><p>To Whom It May Concern:</p><p>My account with Henderson Utilities Company is set up such that my monthly utility bills are directly deducted from my checking account. I noticed this month that $187.33 had been deducted from my account for utilities. Since becoming a customer of HUC, my monthly utility bill has never exceeded $150. Since I never received a paper bill from you, I\'d like to request a copy of the bill to ensure that I was not overcharged for any services. Thank you.</p><p>Sincerely,</p><p>Kenan Beauchamp.<p> ------------------------------------------------------------------------------------------------------------------------------ </p><p>Passage 2:</p><p>Henderson Utilities Company 43 Warm Springs Road Henderson, Nevada 89014 (702) 493-4343</p><p>Account number: 920-53-10332 Name: Kenan Beauchamp Address: 19 Galleria Drive Henderson, Nevada 89002 Billing period: December 7 - January 7 Due date: January 23 Total amount due: $187.33</p><p>Water: $31.87 Electricity: $42.11 Gas: $113.35</p><p>* Open an online billing account today to have your bills delivered to your e-mail account. With online billing, you can also pay your bills online. To sign up for an account, visit www.x.com/onlinebill.</p>','What is the due date of the bill?',NULL,3),(96,NULL,NULL,NULL,NULL,'A bill','A bill','A service','A receipt','A discount','<p>Passage 1:</p><p>From: Kenan Beauchamp [kbchamp@webexec.net] To: Customer Service [customer.service@hucnv.com] Subject: December bill request Date: January 11</p><p>To Whom It May Concern:</p><p>My account with Henderson Utilities Company is set up such that my monthly utility bills are directly deducted from my checking account. I noticed this month that $187.33 had been deducted from my account for utilities. Since becoming a customer of HUC, my monthly utility bill has never exceeded $150. Since I never received a paper bill from you, I\'d like to request a copy of the bill to ensure that I was not overcharged for any services. Thank you.</p><p>Sincerely,</p><p>Kenan Beauchamp.<p> ------------------------------------------------------------------------------------------------------------------------------ </p><p>Passage 2:</p><p>Henderson Utilities Company 43 Warm Springs Road Henderson, Nevada 89014 (702) 493-4343</p><p>Account number: 920-53-10332 Name: Kenan Beauchamp Address: 19 Galleria Drive Henderson, Nevada 89002 Billing period: December 7 - January 7 Due date: January 23 Total amount due: $187.33</p><p>Water: $31.87 Electricity: $42.11 Gas: $113.35</p><p>* Open an online billing account today to have your bills delivered to your e-mail account. With online billing, you can also pay your bills online. To sign up for an account, visit www.x.com/onlinebill.</p>','What does Mr. Beauchamp say he did NOT receive?',NULL,3),(97,NULL,NULL,NULL,NULL,'It allows bills to be deducted from his checking account.','It is an online account.','He opened in more than ten years ago.','He deactivated it at the beginning of December.','It allows bills to be deducted from his checking account.','<p>Passage 1:</p><p>From: Kenan Beauchamp [kbchamp@webexec.net] To: Customer Service [customer.service@hucnv.com] Subject: December bill request Date: January 11</p><p>To Whom It May Concern:</p><p>My account with Henderson Utilities Company is set up such that my monthly utility bills are directly deducted from my checking account. I noticed this month that $187.33 had been deducted from my account for utilities. Since becoming a customer of HUC, my monthly utility bill has never exceeded $150. Since I never received a paper bill from you, I\'d like to request a copy of the bill to ensure that I was not overcharged for any services. Thank you.</p><p>Sincerely,</p><p>Kenan Beauchamp.<p> ------------------------------------------------------------------------------------------------------------------------------ </p><p>Passage 2:</p><p>Henderson Utilities Company 43 Warm Springs Road Henderson, Nevada 89014 (702) 493-4343</p><p>Account number: 920-53-10332 Name: Kenan Beauchamp Address: 19 Galleria Drive Henderson, Nevada 89002 Billing period: December 7 - January 7 Due date: January 23 Total amount due: $187.33</p><p>Water: $31.87 Electricity: $42.11 Gas: $113.35</p><p>* Open an online billing account today to have your bills delivered to your e-mail account. With online billing, you can also pay your bills online. To sign up for an account, visit www.x.com/onlinebill.</p>','According to the letter, what is true about Mr. Beauchamp\'s account?',NULL,3),(98,NULL,NULL,NULL,NULL,'The relocation of a company','The state of a city\'s local economy','The rise of the employment rate','The relocation of a company','The improvement of an existing tax law','<p>IntersiI Corp., manufacturer of high-performance wireless networking solutions, announced today that it will relocate its corporate headquarters from Irvine, Calif. to Milpitas, effective December 1, 2010. The company plans to accommodate the expanding operation with the relocation of the finance, human resources, IT and sales operations facilities. <br>Intersil Corp. cited Milpitas\' skilled work force, good access to an international airport, and the generous tax incentives offered by the state government and the cost-effective environment as the main reasons for choosing the city for its new head office. <br>The move is expected to generate up to 90 new high-paying jobs for local residents. With an average annual salary of $10,000, Intersil\'s annual payroll for workers in Milpitas will surpass $4 million. This is good news for the city.<br>&quot;Our attractiveness as a place to live and work, makes this city an excellent home for Intersil where they can prosper and grow well into the future. Also, Intersil\'s impressive salaries will significantly impact the local economy,&quot; said Mayor Ronald Lopez. <br>Although the relocation will cost Intersil Corp. a significant amount of money, executives feel it is a worthwhile investment. &quot;We can continue to execute our plan towards profitability, while building our company for the future in the new site,&quot; CEO Adriana Cruz said in a press statement.<br></p>','What is the article mainly about?',NULL,3),(99,NULL,NULL,NULL,NULL,'Its business is expanding.','The existing headquarters is in Milpitas.','Its business is expanding.','It has a cost-effective environment.','It has highly skilled workers.','<p>IntersiI Corp., manufacturer of high-performance wireless networking solutions, announced today that it will relocate its corporate headquarters from Irvine, Calif. to Milpitas, effective December 1, 2010. The company plans to accommodate the expanding operation with the relocation of the finance, human resources, IT and sales operations facilities. <br>Intersil Corp. cited Milpitas\' skilled work force, good access to an international airport, and the generous tax incentives offered by the state government and the cost-effective environment as the main reasons for choosing the city for its new head office. <br>The move is expected to generate up to 90 new high-paying jobs for local residents. With an average annual salary of $10,000, Intersil\'s annual payroll for workers in Milpitas will surpass $4 million. This is good news for the city.<br>&quot;Our attractiveness as a place to live and work, makes this city an excellent home for Intersil where they can prosper and grow well into the future. Also, Intersil\'s impressive salaries will significantly impact the local economy,&quot; said Mayor Ronald Lopez. <br>Although the relocation will cost Intersil Corp. a significant amount of money, executives feel it is a worthwhile investment. &quot;We can continue to execute our plan towards profitability, while building our company for the future in the new site,&quot; CEO Adriana Cruz said in a press statement.<br></p>','What is indicated about lntersil Corp?',NULL,3),(100,NULL,NULL,NULL,NULL,'exceed','exceed','include','develop ','accelerate','<p>IntersiI Corp., manufacturer of high-performance wireless networking solutions, announced today that it will relocate its corporate headquarters from Irvine, Calif. to Milpitas, effective December 1, 2010. The company plans to accommodate the expanding operation with the relocation of the finance, human resources, IT and sales operations facilities. <br>Intersil Corp. cited Milpitas\' skilled work force, good access to an international airport, and the generous tax incentives offered by the state government and the cost-effective environment as the main reasons for choosing the city for its new head office. <br>The move is expected to generate up to 90 new high-paying jobs for local residents. With an average annual salary of $10,000, Intersil\'s annual payroll for workers in Milpitas will surpass $4 million. This is good news for the city.<br>&quot;Our attractiveness as a place to live and work, makes this city an excellent home for Intersil where they can prosper and grow well into the future. Also, Intersil\'s impressive salaries will significantly impact the local economy,&quot; said Mayor Ronald Lopez. <br>Although the relocation will cost Intersil Corp. a significant amount of money, executives feel it is a worthwhile investment. &quot;We can continue to execute our plan towards profitability, while building our company for the future in the new site,&quot; CEO Adriana Cruz said in a press statement.<br></p>','The bold word \"surpass\" in paragraph 3, is closest in meaning to',NULL,3),(101,NULL,NULL,NULL,NULL,'To inform a health club of disapproval about a cancellation fee','To discuss a membership upgrade','To suggest improvement of the facilities','To inform a health club of disapproval about a cancellation fee','To ask the gym to accept a refund request','<p>Dear Sirs,<br>Four months ago, I signed up for a premium membership at Fitness First at a monthly fee of $55. When I signed up, I was told that I was free to cancel my membership at any time, for any reason, with no extra payment. <br>Since I joined, I have been extremely disappointed in the Fitness First\'s facilities and staff. The locker rooms and swimming pools are poorly maintained and extremely dirty. The Jacuzzi has been out of order for more than a month and repairs on it have not even begun. The Pilates class schedule has been changed several times, without notice, and the instructor never seemed to be fully devoted to the class.<br>I telephoned Fitness First and was told that - contrary to what I was told verbally when signing up - I would have to pay a &quot;processing fee&quot; of $75 to end my membership. One week later, I received a bill in the mail saying I still owed the processing fee. I refuse to pay this fee.<br>If you continue billing me, I will be discussing the matter with my lawyer. In addition, I will be filing formal complaints with the City Business Bureau and the Health Department about the unsanitary condition of your facilities.<br>I suggest you discuss the matter with your billing department immediately.<br>Julia Londale</p>','What is the main point of this letter?',NULL,3),(102,NULL,NULL,NULL,NULL,'The club facilities are poorly managed and maintained.','The gym didn\'t provide enough information initially.','The club facilities are poorly managed and maintained.','The fee has been increased unexpectedly.','The receptionist was very rude to her.','<p>Dear Sirs,<br>Four months ago, I signed up for a premium membership at Fitness First at a monthly fee of $55. When I signed up, I was told that I was free to cancel my membership at any time, for any reason, with no extra payment. <br>Since I joined, I have been extremely disappointed in the Fitness First\'s facilities and staff. The locker rooms and swimming pools are poorly maintained and extremely dirty. The Jacuzzi has been out of order for more than a month and repairs on it have not even begun. The Pilates class schedule has been changed several times, without notice, and the instructor never seemed to be fully devoted to the class.<br>I telephoned Fitness First and was told that - contrary to what I was told verbally when signing up - I would have to pay a &quot;processing fee&quot; of $75 to end my membership. One week later, I received a bill in the mail saying I still owed the processing fee. I refuse to pay this fee.<br>If you continue billing me, I will be discussing the matter with my lawyer. In addition, I will be filing formal complaints with the City Business Bureau and the Health Department about the unsanitary condition of your facilities.<br>I suggest you discuss the matter with your billing department immediately.<br>Julia Londale</p>','Why is Ms. Londale unhappy with her club membership?',NULL,3),(115,NULL,NULL,NULL,NULL,'She is angry that she was told differently when she joined.','She understands that it is part of the contract.','She is happy that the fee wasn\'t as high as she expected.','She is angry that she was told differently when she joined.','She felt that it was not an important matter.','<p>Dear Sirs,<br>Four months ago, I signed up for a premium membership at Fitness First at a monthly fee of $55. When I signed up, I was told that I was free to cancel my membership at any time, for any reason, with no extra payment. <br>Since I joined, I have been extremely disappointed in the Fitness First\'s facilities and staff. The locker rooms and swimming pools are poorly maintained and extremely dirty. The Jacuzzi has been out of order for more than a month and repairs on it have not even begun. The Pilates class schedule has been changed several times, without notice, and the instructor never seemed to be fully devoted to the class.<br>I telephoned Fitness First and was told that - contrary to what I was told verbally when signing up - I would have to pay a &quot;processing fee&quot; of $75 to end my membership. One week later, I received a bill in the mail saying I still owed the processing fee. I refuse to pay this fee.<br>If you continue billing me, I will be discussing the matter with my lawyer. In addition, I will be filing formal complaints with the City Business Bureau and the Health Department about the unsanitary condition of your facilities.<br>I suggest you discuss the matter with your billing department immediately.<br>Julia Londale</p>','How does Ms. Londale feel about being charged the processing fee?',NULL,3);
/*!40000 ALTER TABLE `reading_question` ENABLE KEYS */;
UNLOCK TABLES;

--
-- Table structure for table `result`
--

DROP TABLE IF EXISTS `result`;
/*!40101 SET @saved_cs_client     = @@character_set_client */;
/*!50503 SET character_set_client = utf8mb4 */;
CREATE TABLE `result` (
  `id` bigint NOT NULL AUTO_INCREMENT,
  `created_at` datetime(6) DEFAULT NULL,
  `created_by` varchar(255) DEFAULT NULL,
  `updated_at` datetime(6) DEFAULT NULL,
  `updated_by` varchar(255) DEFAULT NULL,
  `listening_score` int NOT NULL,
  `number_correct` int NOT NULL,
  `reading_score` int NOT NULL,
  `test_day` datetime(6) NOT NULL,
  `exam_id` bigint DEFAULT NULL,
  `user_id` bigint DEFAULT NULL,
  PRIMARY KEY (`id`),
  KEY `FK7sc8ejc10fh429vn3gfpkhem9` (`exam_id`),
  KEY `FKpjjrrf0483ih2cvyfmx70a16b` (`user_id`),
  CONSTRAINT `FK7sc8ejc10fh429vn3gfpkhem9` FOREIGN KEY (`exam_id`) REFERENCES `exam` (`id`),
  CONSTRAINT `FKpjjrrf0483ih2cvyfmx70a16b` FOREIGN KEY (`user_id`) REFERENCES `user` (`id`)
) ENGINE=InnoDB AUTO_INCREMENT=74 DEFAULT CHARSET=utf8mb4 COLLATE=utf8mb4_0900_ai_ci;
/*!40101 SET character_set_client = @saved_cs_client */;

--
-- Dumping data for table `result`
--

LOCK TABLES `result` WRITE;
/*!40000 ALTER TABLE `result` DISABLE KEYS */;
INSERT INTO `result` VALUES (58,'2022-05-02 21:51:45.793000','nvh','2022-05-02 21:51:45.793000','nvh',245,99,250,'2022-05-02 21:51:45.793000',1,1),(67,'2022-05-06 10:07:30.471000','nvh','2022-05-06 10:07:30.471000','nvh',70,23,45,'2022-05-06 10:07:30.471000',1,1),(68,'2022-05-06 10:10:36.897000','nvh','2022-05-06 10:10:36.897000','nvh',60,26,70,'2022-05-06 10:10:36.905000',1,1),(69,'2022-05-06 10:26:19.385000','nvh','2022-05-06 10:26:19.385000','nvh',70,24,50,'2022-05-06 10:26:19.391000',1,1),(70,'2022-05-06 14:33:58.602000','lqt','2022-05-06 14:33:58.602000','lqt',0,2,10,'2022-05-06 14:33:58.608000',1,16),(73,'2022-05-13 00:40:01.277000','nvh','2022-05-13 00:40:01.277000','nvh',495,199,495,'2022-05-13 00:40:01.282000',4,1);
/*!40000 ALTER TABLE `result` ENABLE KEYS */;
UNLOCK TABLES;

--
-- Table structure for table `role`
--

DROP TABLE IF EXISTS `role`;
/*!40101 SET @saved_cs_client     = @@character_set_client */;
/*!50503 SET character_set_client = utf8mb4 */;
CREATE TABLE `role` (
  `id` bigint NOT NULL AUTO_INCREMENT,
  `created_at` datetime(6) DEFAULT NULL,
  `created_by` varchar(255) DEFAULT NULL,
  `updated_at` datetime(6) DEFAULT NULL,
  `updated_by` varchar(255) DEFAULT NULL,
  `name` varchar(255) DEFAULT NULL,
  PRIMARY KEY (`id`)
) ENGINE=InnoDB AUTO_INCREMENT=3 DEFAULT CHARSET=utf8mb4 COLLATE=utf8mb4_0900_ai_ci;
/*!40101 SET character_set_client = @saved_cs_client */;

--
-- Dumping data for table `role`
--

LOCK TABLES `role` WRITE;
/*!40000 ALTER TABLE `role` DISABLE KEYS */;
INSERT INTO `role` VALUES (1,NULL,NULL,NULL,NULL,'ROLE_ADMIN'),(2,NULL,NULL,NULL,NULL,'ROLE_USER');
/*!40000 ALTER TABLE `role` ENABLE KEYS */;
UNLOCK TABLES;

--
-- Table structure for table `user`
--

DROP TABLE IF EXISTS `user`;
/*!40101 SET @saved_cs_client     = @@character_set_client */;
/*!50503 SET character_set_client = utf8mb4 */;
CREATE TABLE `user` (
  `id` bigint NOT NULL AUTO_INCREMENT,
  `created_at` datetime(6) DEFAULT NULL,
  `created_by` varchar(255) DEFAULT NULL,
  `updated_at` datetime(6) DEFAULT NULL,
  `updated_by` varchar(255) DEFAULT NULL,
  `full_name` varchar(255) DEFAULT NULL,
  `password` varchar(255) DEFAULT NULL,
  `status` int NOT NULL,
  `user_name` varchar(255) DEFAULT NULL,
  `email` varchar(255) DEFAULT NULL,
  `image` varchar(255) DEFAULT NULL,
  PRIMARY KEY (`id`)
) ENGINE=InnoDB AUTO_INCREMENT=19 DEFAULT CHARSET=utf8mb4 COLLATE=utf8mb4_0900_ai_ci;
/*!40101 SET character_set_client = @saved_cs_client */;

--
-- Dumping data for table `user`
--

LOCK TABLES `user` WRITE;
/*!40000 ALTER TABLE `user` DISABLE KEYS */;
INSERT INTO `user` VALUES (1,NULL,NULL,'2022-05-13 00:50:10.141000','nvh','Ng Vit H','$2a$12$9dIjPIabogA2iSBwH0z6SugnkbFHwI/zhNbbFeohZl8jZOH8pcaFa',1,'nvh','nvh@gmail.com','ad894d0e788dc219b176aa16e3d312ae.jpg'),(2,NULL,NULL,'2022-05-11 09:44:00.049000','admin','ADMIN','$2a$10$vATZHETvigO5qpS65m6ENOD5Iw.mSypFzV43wUmlpkTHblJ6DY2bu',1,'admin','admin@gmail.com','bg-01.jpg'),(8,NULL,NULL,'2022-05-04 23:50:05.999000','dpd','ng Phng ng','$2a$10$fTh3AAFS1DIxdbbqarF8v.WdmXzmmxvPUCfaHdeIiF4oUt8XNTGvK',1,'dpd','dpd@gmail.com','272971100_1072815550233009_2957333890221847095_n.jpg'),(9,'2022-05-02 16:08:37.968000','admin','2022-05-02 16:08:37.968000','admin','ADMIN1','$2a$12$4JaacK/3KbVkLDuWXFhYwOJfpmXvE4E0SSBwr3un0pWku6tX8OnQ2',1,'admin1','admin1@gmail.com','default.jpg'),(10,'2022-05-02 16:10:18.038000','admin','2022-05-04 00:51:32.615000','admin','Nguyn Tun Anh','$2a$12$9dIjPIabogA2iSBwH0z6SugnkbFHwI/zhNbbFeohZl8jZOH8pcaFa',1,'nta','nta@gmail.com','default.jpg'),(11,NULL,NULL,'2022-05-02 21:12:45.024000','admin','ADMIN2','$2a$12$TlUI67JaW3ON0UsCkO9ubem/rLeWTE8GtRWHJmXbrv8e62jRqMRq.',1,'admin2','admin2@gmail.com','default.jpg'),(12,NULL,NULL,'2022-05-04 00:51:14.298000','admin','ADMIN3','$2a$12$G/AgSoJcZUpgM8hw1vu9KOYjauAFE888R9jaUZzc4vGyY2LkDqj6K',0,'admin3','admin4@gmail.com','default.jpg'),(13,NULL,NULL,'2022-05-04 00:51:36.667000','admin','Lu Th Minh','$2a$12$xWxEUvnsTaZiiIL6Ja60h.kBLd1q2y00LS0Cx6wyLw.YIwsRUOXy.',1,'ltm','ltm@gmail.com','default.jpg'),(14,'2022-05-02 20:30:35.953000','admin','2022-05-04 00:51:27.714000','admin','Phm Ng Th Anh','$2a$12$7sziWnMHD0vLEW8IrA7el.OPnZOPJEbU43.CA1RyLcBkOgmkqUVc2',0,'pnta','pnta@gmail.com','default.jpg'),(15,NULL,NULL,'2022-05-06 15:26:50.006000','admin','s','$2a$12$p.FNzvMyp2034mZo0XWAjuHi8f2Uj7yXCjmXiDIL1LrHNOYgGFwAi',0,'s','s@gmail.com','bg-01.jpg'),(16,NULL,NULL,'2022-05-06 14:45:07.188000','lqt','L Quang Trung','$2a$10$k0Mna.VwjwjmWTVycW3wUOTyR9I8pdMZY.l59ql7evjsv1aOwJGnm',1,'lqt','lqt@gmail.com','bg-01.jpg'),(17,'2022-05-06 15:25:31.229000','admin','2022-05-06 15:25:46.284000','admin','w','$2a$12$T1ekWJkN3kFBuE96sdcmFOVYn1T0QQp1NClReG.zxfNrqdImR.xR6',0,'w','w@gmail.com','default.jpg'),(18,NULL,NULL,'2022-05-13 00:56:53.436000','admin','o Hi Long','$2a$12$tvfnsnPByLtHcb2eji6p9utl9vpH5IDcAbDp//f0GB1torYgUdZbm',1,'dhl','dhl@gmail.com','default.jpg');
/*!40000 ALTER TABLE `user` ENABLE KEYS */;
UNLOCK TABLES;

--
-- Table structure for table `user_role`
--

DROP TABLE IF EXISTS `user_role`;
/*!40101 SET @saved_cs_client     = @@character_set_client */;
/*!50503 SET character_set_client = utf8mb4 */;
CREATE TABLE `user_role` (
  `user_id` bigint NOT NULL,
  `role_id` bigint NOT NULL,
  KEY `FKa68196081fvovjhkek5m97n3y` (`role_id`),
  KEY `FK859n2jvi8ivhui0rl0esws6o` (`user_id`),
  CONSTRAINT `FK859n2jvi8ivhui0rl0esws6o` FOREIGN KEY (`user_id`) REFERENCES `user` (`id`),
  CONSTRAINT `FKa68196081fvovjhkek5m97n3y` FOREIGN KEY (`role_id`) REFERENCES `role` (`id`)
) ENGINE=InnoDB DEFAULT CHARSET=utf8mb4 COLLATE=utf8mb4_0900_ai_ci;
/*!40101 SET character_set_client = @saved_cs_client */;

--
-- Dumping data for table `user_role`
--

LOCK TABLES `user_role` WRITE;
/*!40000 ALTER TABLE `user_role` DISABLE KEYS */;
INSERT INTO `user_role` VALUES (8,2),(9,2),(10,2),(14,2),(11,1),(13,2),(1,2),(12,1),(16,2),(17,1),(15,2),(2,1),(18,2);
/*!40000 ALTER TABLE `user_role` ENABLE KEYS */;
UNLOCK TABLES;

--
-- Table structure for table `vocabulary`
--

DROP TABLE IF EXISTS `vocabulary`;
/*!40101 SET @saved_cs_client     = @@character_set_client */;
/*!50503 SET character_set_client = utf8mb4 */;
CREATE TABLE `vocabulary` (
  `id` bigint NOT NULL AUTO_INCREMENT,
  `created_at` datetime(6) DEFAULT NULL,
  `created_by` varchar(255) DEFAULT NULL,
  `updated_at` datetime(6) DEFAULT NULL,
  `updated_by` varchar(255) DEFAULT NULL,
  `image` varchar(255) DEFAULT NULL,
  `name` varchar(255) DEFAULT NULL,
  PRIMARY KEY (`id`)
) ENGINE=InnoDB AUTO_INCREMENT=12 DEFAULT CHARSET=utf8mb4 COLLATE=utf8mb4_0900_ai_ci;
/*!40101 SET character_set_client = @saved_cs_client */;

--
-- Dumping data for table `vocabulary`
--

LOCK TABLES `vocabulary` WRITE;
/*!40000 ALTER TABLE `vocabulary` DISABLE KEYS */;
INSERT INTO `vocabulary` VALUES (1,NULL,NULL,'2022-04-21 14:13:56.838000','admin','co_the.jpg','Hnh ng c th'),(2,NULL,NULL,'2022-04-21 14:14:08.800000','admin','trang_phuc.png','Trang phc'),(3,NULL,NULL,NULL,NULL,'nhan-su.jpg','Nhn s'),(4,NULL,NULL,NULL,NULL,'ngan-hang.jpg','Ngn Hng'),(9,NULL,NULL,NULL,NULL,'marketing.jpg','Marketing'),(10,NULL,NULL,NULL,NULL,'Computer.png','Computer');
/*!40000 ALTER TABLE `vocabulary` ENABLE KEYS */;
UNLOCK TABLES;

--
-- Table structure for table `vocabulary_detail`
--

DROP TABLE IF EXISTS `vocabulary_detail`;
/*!40101 SET @saved_cs_client     = @@character_set_client */;
/*!50503 SET character_set_client = utf8mb4 */;
CREATE TABLE `vocabulary_detail` (
  `id` bigint NOT NULL AUTO_INCREMENT,
  `created_at` datetime(6) DEFAULT NULL,
  `created_by` varchar(255) DEFAULT NULL,
  `updated_at` datetime(6) DEFAULT NULL,
  `updated_by` varchar(255) DEFAULT NULL,
  `audio` varchar(255) DEFAULT NULL,
  `example` varchar(255) DEFAULT NULL,
  `image` varchar(255) DEFAULT NULL,
  `meaning` varchar(255) DEFAULT NULL,
  `name` varchar(255) DEFAULT NULL,
  `spelling` varchar(255) DEFAULT NULL,
  `word_type` varchar(255) DEFAULT NULL,
  `vocabulary_id` bigint DEFAULT NULL,
  PRIMARY KEY (`id`),
  KEY `FKc9ablxeme45hvnr49mog7yh5r` (`vocabulary_id`),
  CONSTRAINT `FKc9ablxeme45hvnr49mog7yh5r` FOREIGN KEY (`vocabulary_id`) REFERENCES `vocabulary` (`id`)
) ENGINE=InnoDB AUTO_INCREMENT=80 DEFAULT CHARSET=utf8mb4 COLLATE=utf8mb4_0900_ai_ci;
/*!40101 SET character_set_client = @saved_cs_client */;

--
-- Dumping data for table `vocabulary_detail`
--

LOCK TABLES `vocabulary_detail` WRITE;
/*!40000 ALTER TABLE `vocabulary_detail` DISABLE KEYS */;
INSERT INTO `vocabulary_detail` VALUES (1,NULL,NULL,NULL,NULL,'driving.mp3','She has to do a lot of driving in her job.','driving.jpg','li xe ( t, xe ti)','driving','/dra.v/','noun',1),(2,NULL,NULL,NULL,NULL,'riding.mp3','She goes riding on Saturdays.','istockphoto-1130318148-1024x1024.jpg','li xe(xe p, xe my), ci nga','riding',' /ra.d/','noun',1),(3,NULL,NULL,NULL,NULL,'check.mp3','You should always check your oil, water, and tyres before taking your car on a long trip.','kisspng-clip-art-portable-network-graphics-image-transpare-audit-process-audit-24-x24-png-clipart-do-5ced3b0dc98de5.3470706615590510218256.jpg','kim tra','check','/tek/','verb',1),(4,NULL,NULL,NULL,NULL,'dance.mp3','We went dancing at a club.','38f58PIC6anQUNS3c46ni_PIC2018.png_860.png','nhy ma','dance','/dns/','verb',1),(5,NULL,NULL,NULL,NULL,'fixing.mp3','Seven jockeys were arrested and charged with race fixing.','sua-chua-o-to1573651097.jpg','sa cha','fixing','/fk.s/','noun',1),(6,NULL,NULL,NULL,NULL,'leaning.mp3','I don\'t know what his political leanings are.','istockphoto-1127758126-170667a.jpg','ng ngi','leaning','/li.n/','noun',1),(7,NULL,NULL,NULL,NULL,'cut.mp3','This knife doesn\'t cut very well.','thuyet-minh-ve-cai-keo.png','ct','cut','/kt/','verb',1),(8,NULL,NULL,NULL,NULL,'wear.mp3','He wears glasses for reading.','cch-mc-o-lt-nam-1-elleman.jpg','mc','wear','/wer/','verb',1),(9,NULL,NULL,NULL,NULL,'work.mp3','I\'ve got so much work to do.','download.jpg','lm vic','work','/wk/','noun',1),(10,NULL,NULL,NULL,NULL,'sit.mp3','He came and sat (down) next to me.','20200113_033640_156499_ngoi-nhieu.max-800x800.jpg','ngi','sit','/st/','verb',1),(11,NULL,NULL,NULL,NULL,'stand.mp3','Stand still and be quiet!','Phong-thai-di-dung-cua-tuong-dan-ong-co-so-lam-quan-hinh-anh-2.jpg','ng','stand','/stnd/','verb',1),(12,NULL,NULL,NULL,NULL,'push.mp3','He helped me push my car off the road.','download (1).jpg','y','push','/p/','verb',1),(13,NULL,NULL,NULL,NULL,'pull.mp3','He pulled the chair away from the desk.','download.png','ko','pull','/pl/','verb',1),(14,NULL,NULL,NULL,NULL,'hold.mp3','He was holding a gun.','download (2).jpg','gi','hold','/hold/','verb',1),(15,NULL,NULL,NULL,NULL,'carry.mp3','These books are too heavy for me to carry.','men-carry-box-back-11893661.jpg','vc','carry','/ker.i/','verb',1),(16,NULL,NULL,NULL,NULL,'catch.mp3','He caught hold of my arm.','download (3).jpg','bt','catch','/kt/','verb',1),(17,NULL,NULL,NULL,NULL,'jump.mp3','She ran across the grass and jumped into the water.','download (4).jpg','nhy','jump','/dmp/','verb',1),(18,NULL,NULL,NULL,NULL,'eat.mp3','Do you eat meat?','download (5).jpg','n','eat','/it/','verb',1),(19,NULL,NULL,NULL,NULL,'drinking.mp3','Drinking and driving is dangerous.','download (6).jpg','ung','drinking','/dr.k/','noun ',1),(20,NULL,NULL,NULL,NULL,'speak.mp3','Would you mind speaking more slowly, please?','download (1).png','ni','speak','/spik/','verb',1),(21,NULL,NULL,NULL,NULL,'bikini.mp3','Buying a bikini for a spouse would be inconceivable.','download (7).jpg',' tm mnh','bikini','/bki.ni/','noun ',2),(22,NULL,NULL,NULL,NULL,'tank top.mp3','The team wears red shorts and red tanks.','images.jpg','o ba l','tank top','/tk tp/','noun ',2),(23,NULL,NULL,NULL,NULL,'polo shirt.mp3','The dress code consists of a white or blue polo shirt and marine pants and/or a blue kilt for girls.','download (8).jpg','o polo','polo shirt','/po.lo t/','noun ',2),(24,NULL,NULL,NULL,NULL,'shorts.mp3','She put on a pair of shorts and a T-shirt.','download (9).jpg','qun short','shorts','/rts/','noun ',2),(25,NULL,NULL,NULL,NULL,'vest.mp3','She always wore a long-sleeved thermal vest in the winter.','download (10).jpg','o vest','vest','/vest/','noun ',2),(26,NULL,NULL,NULL,NULL,'dress.mp3','She was wearing a black and white spotted dress.','download (11).jpg','m','dress','/dres/','noun ',2),(27,NULL,NULL,NULL,NULL,'skirt.mp3','She wore a denim skirt and a white shirt.','download (12).jpg','vy ngn','skirt','/skt/','noun ',2),(28,NULL,NULL,NULL,NULL,'hoodie.mp3','The hoodies are currently sold out.','download (13).jpg','o trm u','hoodie','/hd.i/','noun ',2),(29,NULL,NULL,NULL,NULL,'coat.mp3','We need a coat hook on the back of this door.','download (14).jpg','o chong','coat','/kot/','noun ',2),(30,NULL,NULL,NULL,NULL,'sneaker.mp3','Helpers are less bright and sneakers even less.','download (15).jpg','giy th thao','sneakers','/sni.k/','noun ',2),(31,NULL,NULL,NULL,NULL,'boot.mp3','I\'m going to christen my new walking boots on Saturday.','download (16).jpg','giay ng','boots','/but/','noun ',2),(32,NULL,NULL,NULL,NULL,'socks.mp3','Put on your shoes and socks.','download (17).jpg','v','socks','/sk/','noun ',2),(33,NULL,NULL,NULL,NULL,'cap.mp3','He wears his cap whatever the weather.','download (18).jpg','m','cap','/kp/','noun ',2),(34,NULL,NULL,NULL,NULL,'tie.mp3','She wrapped the present and tied it with ribbon.','download (19).jpg','c vt','tie','/ta/','noun ',2),(35,NULL,NULL,NULL,NULL,'high heels.mp3','They had to wear 9 inch high heels due to a reward challenge they had on the first day.','download (20).jpg','giy cao gt','high heels','/ha hilz/','noun ',2),(36,NULL,NULL,NULL,NULL,'junior.mp3','a student at a junior school','download (21).jpg','nhn vin tp s','junior','/du.nj/','noun ',3),(37,NULL,NULL,NULL,NULL,'transfer.mp3','He has been transferred to a psychiatric hospital.','download (2).png','s thuyn chuyn','transfer','/trns.f/','verb',3),(38,NULL,NULL,NULL,NULL,'supervisor.mp3','A town or county supervisor is an elected official who manages local government services.','download (22).jpg','gim st vin','supervisor','/su.p.va.z/','noun',3),(39,NULL,NULL,NULL,NULL,'boss.mp3','She was the boss of a large international company.','images (1).jpg','ng ch','boss','/bs/','noun',3),(40,NULL,NULL,NULL,NULL,'technician.mp3','a person whose technique is very good','download (23).jpg','nhn vin k thut','technician','/tekn.n/','noun',3),(41,NULL,NULL,NULL,NULL,'personnel.mp3','The new director is likely to make major changes in personnel.','download (3).png','nhn s','personnel','/p.snel/','noun',3),(42,NULL,NULL,NULL,NULL,'salesperson.mp3','He was a used-car salesman.','salesperson-car-dealership-selling-vehicles-260nw-1157354137.webp','nhn vin bn hng','salesperson','/selzp.sn/','noun',3),(43,NULL,NULL,NULL,NULL,'co-worker.mp3','Not long afterwards, he told a co-worker that he probably would not be seeing him again.','download (24).jpg','ng nghip','co-worker','/kow.k/','noun',3),(44,NULL,NULL,NULL,NULL,'colleague.mp3','We\'re entertaining some colleagues of Carol\'s tonight.','download (25).jpg','ng nghip','colleague','/k.li/','noun',3),(45,NULL,NULL,NULL,NULL,'plumber.mp3','We\'ll have to get a plumber in to look at that water tank.','download (26).jpg','th sa ng nc','plumber','/plm./','noun',3),(46,NULL,NULL,NULL,NULL,'receptionist.mp3','A configuration in which both the receptionist and external actor sets are empty is said to be closed.','download (27).jpg','nhn vin tip tn','receptionist','/rsep.n.st/','noun',3),(47,NULL,NULL,NULL,NULL,'Amortize.mp3','They pay monthly loan payments based on a formula that amortizes the debt over 15 years, at 8 percent interest.','download (28).jpg','khu hao','Amortize','/mr.taz/','verb ',4),(48,NULL,NULL,NULL,NULL,'bond.mp3','the bond(s) of friendship/love','download (29).jpg','tri phiu','bond','/bnd/','noun',4),(49,NULL,NULL,NULL,NULL,'bankrupt.mp3','He went bankrupt after only a year in business.','download (30).jpg','ph sn','bankrupt','/b.krpt/','adjective',4),(50,NULL,NULL,NULL,NULL,'capital.mp3','Australia\'s capital city is Canberra.','download (31).jpg','ngun vn','capital','/kp..tl/','noun',4),(51,NULL,NULL,NULL,NULL,'deposit.mp3','The bus deposited me miles from anywhere.','download (32).jpg','tin gi','deposit','/dp.zt/','verb ',4),(52,NULL,NULL,NULL,NULL,'shareholder.mp3','Dividends will be sent to shareholders on March 31.','download (33).jpg','c ng','shareholder','/erhol.d/','noun',4),(53,NULL,NULL,NULL,NULL,'dividend.mp3','Dividends will be sent to shareholders.','download (4).png','c tc','dividend','/dv..dend/ /dv..dnd/','noun',4),(54,NULL,NULL,NULL,NULL,'liquidity.mp3','The group has excellent liquidity.','download (34).jpg','thanh khon','liquidity','/lkwd..ti/','noun',4),(55,NULL,NULL,NULL,NULL,'withdraw.mp3','The UN has withdrawn its troops from the country.','download (5).png','rt tin','withdraw','/wdr/','verb',4),(56,NULL,NULL,NULL,NULL,'dispenser.mp3','He\'s the practical man of the story, the practical dispenser of justice and common sense.','download (35).jpg','my tt tin','dispenser','/dspen.s/','noun',4),(58,NULL,NULL,NULL,NULL,'finance.mp3','This report gives a global picture of the company\'s finances.','download (36).jpg','ti chnh','finance','/fa.nns/','noun',4),(73,NULL,NULL,NULL,NULL,'advertising.mp3','Many doctors want to see a law banning all tobacco advertising.','download (37).jpg','qung co','advertising','/d.v.ta.z/','noun ',9),(74,NULL,NULL,NULL,NULL,'uskeepn014.mp3','You can move the cursor either by using the mouse or by using the arrow keys on the keyboard.','download (38).jpg','bn phm','keyboard','/ki.brd/','noun ',10);
/*!40000 ALTER TABLE `vocabulary_detail` ENABLE KEYS */;
UNLOCK TABLES;
/*!40103 SET TIME_ZONE=@OLD_TIME_ZONE */;

/*!40101 SET SQL_MODE=@OLD_SQL_MODE */;
/*!40014 SET FOREIGN_KEY_CHECKS=@OLD_FOREIGN_KEY_CHECKS */;
/*!40014 SET UNIQUE_CHECKS=@OLD_UNIQUE_CHECKS */;
/*!40101 SET CHARACTER_SET_CLIENT=@OLD_CHARACTER_SET_CLIENT */;
/*!40101 SET CHARACTER_SET_RESULTS=@OLD_CHARACTER_SET_RESULTS */;
/*!40101 SET COLLATION_CONNECTION=@OLD_COLLATION_CONNECTION */;
/*!40111 SET SQL_NOTES=@OLD_SQL_NOTES */;

-- Dump completed on 2022-05-13  1:51:02
